pattern,base,total_len,mid_len,inner_zero,samples,primes,prime_density,ci_lo,ci_hi,expected_density_pnt_cond,expected_density_local,expected_density_local_exact,enrichment_vs_pnt_cond,enrichment_vs_local,enrichment_vs_local_exact,elapsed_ms,tracked_moduli,divisible_counts,model_p0
mid=free:1|layers=[0:1,0:1]|base=10,10,5,1,0,40000,9294,0.23235000,0.22191885,0.24283256,0.24127471,0.05013589,0.05013689,0.96301016,4.63440488,4.63431262,290,[3, 5, 7, 11],[13269, 0, 5710, 3676],[0.3333333333333333, 0.0, 0.1428611111111111, 0.09088888888888891]
mid=free:1|layers=[1:1,0:1]|base=10,10,7,1,1,40000,6529,0.16322500,0.15299411,0.17352057,0.16703634,0.03470727,0.03477697,0.97718257,4.70290451,4.69348019,368,[3, 5, 7, 11],[13315, 0, 5775, 3529],[0.3333333333333333, 0.0, 0.1428888888888889, 0.09091666666666667]
mid=free:1|layers=[2:1,0:1]|base=10,10,9,1,2,40000,4987,0.12467500,0.11457704,0.13484505,0.12773367,0.02654253,0.02654022,0.97605431,4.69717872,4.69758758,468,[3, 5, 7, 11],[13344, 0, 5814, 3655],[0.3333333333333333, 0.0, 0.14286111111111108, 0.09088888888888891]
mid=free:1|layers=[3:1,0:1]|base=10,10,11,1,3,40000,4010,0.10025000,0.09024447,0.11033230,0.10340345,0.02148615,0.02152745,0.96950345,4.66579585,4.65684532,569,[3, 5, 7, 11],[13212, 0, 5692, 3595],[0.3333333333333333, 0.0, 0.1428611111111111, 0.09091666666666667]
mid=free:1|layers=[4:1,0:1]|base=10,10,13,1,4,40000,3379,0.08447500,0.07453265,0.09449715,0.08685890,0.01804892,0.01805507,0.97255438,4.68033561,4.67874140,934,[3, 5, 7, 11],[13346, 0, 5581, 3563],[0.3333333333333333, 0.0, 0.1428611111111111, 0.09088888888888891]
mid=free:1|layers=[5:1,0:1]|base=10,10,15,1,5,40000,2937,0.07342500,0.06352857,0.08340336,0.07487836,0.01555894,0.01559716,0.98059040,4.71915248,4.70758714,1346,[3, 5, 7, 11],[13235, 0, 5772, 3626],[0.3333333333333333, 0.0, 0.14286111111111108, 0.09091666666666667]
mid=free:1|layers=[6:1,0:1]|base=10,10,17,1,6,40000,2560,0.06400000,0.05414383,0.07393991,0.06580219,0.01367342,0.01367370,0.97261194,4.68061263,4.68051946,1170,[3, 5, 7, 11],[13375, 0, 5715, 3630],[0.3333333333333333, 0.0, 0.1428611111111111, 0.09088888888888891]
mid=free:1|layers=[7:1,0:1]|base=10,10,19,1,7,40000,2255,0.05637500,0.04655215,0.06628305,0.05868844,0.01219445,0.01221893,0.96058094,4.62300550,4.61374129,950,[3, 5, 7, 11],[13502, 0, 5668, 3561],[0.3333333333333333, 0.0, 0.1428888888888889, 0.09091666666666667]
mid=free:1|layers=[8:1,0:1]|base=10,10,21,1,8,40000,2101,0.05252500,0.04271923,0.06241671,0.05296274,0.01100544,0.01100448,0.99173491,4.77264030,4.77305573,1716,[3, 5, 7, 11],[13179, 0, 5759, 3693],[0.3333333333333333, 0.0, 0.14286111111111108, 0.09088888888888891]
mid=free:2|layers=[0:1,0:1]|base=10,10,6,2,0,40000,7730,0.19325000,0.18292623,0.20363268,0.19740658,0.04101940,0.04101955,0.97894405,4.71118526,4.71116792,148,[3, 5, 7, 11],[13393, 0, 5659, 3682],[0.3333333333333333, 0.0, 0.14285833333333336, 0.09091111111111114]
mid=free:2|layers=[1:1,0:1]|base=10,10,8,2,1,40000,5554,0.13885000,0.12870134,0.14906802,0.14476483,0.03008089,0.03008052,0.95914182,4.61588668,4.61594374,186,[3, 5, 7, 11],[13370, 0, 5732, 3650],[0.3333333333333333, 0.0, 0.1428583333333334, 0.09091111111111114]
mid=free:2|layers=[2:1,0:1]|base=10,10,10,2,2,40000,4501,0.11252500,0.10247221,0.12265221,0.11428802,0.02374815,0.02374778,0.98457387,4.73826352,4.73833744,739,[3, 5, 7, 11],[13378, 0, 5663, 3510],[0.3333333333333333, 0.0, 0.14285555555555562, 0.09091111111111114]
mid=free:2|layers=[3:1,0:1]|base=10,10,12,2,3,40000,3783,0.09457500,0.08459188,0.10463598,0.09441184,0.01961804,0.01961794,1.00172813,4.82081842,4.82084208,1095,[3, 5, 7, 11],[13181, 0, 5689, 3555],[0.3333333333333333, 0.0, 0.14285555555555557, 0.09091111111111114]
mid=free:2|layers=[4:1,0:1]|base=10,10,14,2,4,40000,3257,0.08142500,0.07149519,0.09143520,0.08042490,0.01671155,0.01676493,1.01243515,4.87237756,4.85686527,519,[3, 5, 7, 11],[13326, 0, 5611, 3626],[0.3333333333333333, 0.0, 0.1428611111111112, 0.09091111111111114]
mid=free:2|layers=[5:1,0:1]|base=10,10,16,2,5,40000,2768,0.06920000,0.05932149,0.07916125,0.07004750,0.01455532,0.01455369,0.98790111,4.75427584,4.75480768,1158,[3, 5, 7, 11],[13213, 0, 5724, 3662],[0.3333333333333333, 0.0, 0.14285555555555562, 0.09091111111111114]
mid=free:2|layers=[6:1,0:1]|base=10,10,18,2,6,40000,2447,0.06117500,0.05133110,0.07110318,0.06204207,0.01289181,0.01289186,0.98602450,4.74526005,4.74524258,628,[3, 5, 7, 11],[13352, 0, 5735, 3696],[0.3333333333333333, 0.0, 0.14285833333333336, 0.09091111111111114]
mid=free:2|layers=[7:1,0:1]|base=10,10,20,2,7,40000,2104,0.05260000,0.04279389,0.06249203,0.05567878,0.01156957,0.01156943,0.94470461,4.54640736,4.54646356,1961,[3, 5, 7, 11],[13354, 0, 5779, 3715],[0.3333333333333333, 0.0, 0.1428583333333334, 0.09091111111111114]
mid=free:2|layers=[8:1,0:1]|base=10,10,22,2,8,40000,1954,0.04885000,0.03906069,0.05872595,0.05049936,0.01049337,0.01049321,0.96733902,4.65532077,4.65539341,2663,[3, 5, 7, 11],[13153, 0, 5743, 3677],[0.3333333333333333, 0.0, 0.14285555555555562, 0.09091111111111114]
mid=free:3|layers=[0:1,0:1]|base=10,10,7,3,0,40000,6627,0.16567500,0.15543618,0.17597803,0.16703634,0.03470885,0.03470883,0.99185004,4.77327771,4.77328055,425,[3, 5, 7, 11],[13344, 0, 5757, 3671],[0.3333333333333333, 0.0, 0.1428572222222222, 0.09090888888888894]
mid=free:3|layers=[1:1,0:1]|base=10,10,9,3,1,40000,5097,0.12742500,0.11731704,0.13760452,0.12773367,0.02654206,0.02654257,0.99758348,4.80087134,4.80077774,3483,[3, 5, 7, 11],[13284, 0, 5827, 3616],[0.3333333333333333, 0.0, 0.1428572222222222, 0.09090916666666671]
mid=free:3|layers=[2:1,0:1]|base=10,10,11,3,2,40000,4053,0.10132500,0.09131527,0.11141130,0.10340345,0.02148643,0.02148640,0.97989963,4.71576633,4.71577418,349,[3, 5, 7, 11],[13340, 0, 5775, 3541],[0.3333333333333333, 0.0, 0.14285722222222222, 0.09090888888888894]
mid=free:3|layers=[3:1,0:1]|base=10,10,13,3,3,40000,3477,0.08692500,0.07697266,0.09695668,0.08685890,0.01804860,0.01804981,1.00076105,4.81616338,4.81584031,887,[3, 5, 7, 11],[13193, 0, 5638, 3564],[0.3333333333333333, 0.0, 0.14285722222222222, 0.09090916666666671]
mid=free:3|layers=[4:1,0:1]|base=10,10,15,3,4,40000,2870,0.07175000,0.06186065,0.08172160,0.07487836,0.01555914,0.01555895,0.95822079,4.61143694,4.61149393,1214,[3, 5, 7, 11],[13345, 0, 5711, 3689],[0.3333333333333333, 0.0, 0.14285722222222222, 0.09090888888888894]
mid=free:3|layers=[5:1,0:1]|base=10,10,17,3,5,40000,2735,0.06837500,0.05850002,0.07833288,0.06580219,0.01367319,0.01367345,1.03909909,5.00066362,5.00056508,1477,[3, 5, 7, 11],[13222, 0, 5730, 3603],[0.3333333333333333, 0.0, 0.14285694444444444, 0.09090916666666671]
mid=free:3|layers=[6:1,0:1]|base=10,10,19,3,6,40000,2263,0.05657500,0.04675127,0.06648390,0.05868844,0.01219500,0.01219500,0.96398876,4.63919532,4.63919808,4254,[3, 5, 7, 11],[13291, 0, 5812, 3534],[0.3333333333333333, 0.0, 0.1428572222222222, 0.09090888888888894]
mid=free:3|layers=[7:1,0:1]|base=10,10,21,3,7,40000,2137,0.05342500,0.04361522,0.06332055,0.05296274,0.01100524,0.01100546,1.00872799,4.85450431,4.85440967,5154,[3, 5, 7, 11],[13283, 0, 5638, 3558],[0.3333333333333333, 0.0, 0.1428572222222222, 0.09090916666666671]
mid=free:3|layers=[8:1,0:1]|base=10,10,23,3,8,40000,1956,0.04890000,0.03911047,0.05877617,0.04825494,0.01002700,0.01002699,1.01336770,4.87683142,4.87683954,4131,[3, 5, 7, 11],[13471, 0, 5773, 3615],[0.3333333333333333, 0.0, 0.14285722222222222, 0.09090888888888894]
mid=free:4|layers=[0:1,0:1]|base=10,10,8,4,0,40000,5797,0.14492500,0.13475526,0.15516293,0.14476483,0.03008100,0.03008101,1.00110643,4.81782480,4.81782438,419,[3, 5, 7, 11],[13227, 0, 5693, 3586],[0.3333333333333333, 0.0, 0.14285713888888896, 0.09090911111111116]
mid=free:4|layers=[1:1,0:1]|base=10,10,10,4,1,40000,4502,0.11255000,0.10249711,0.12267730,0.11428802,0.02374816,0.02374816,0.98479262,4.73931471,4.73931389,686,[3, 5, 7, 11],[13296, 0, 5743, 3654],[0.3333333333333333, 0.0, 0.14285716666666676, 0.09090911111111115]
mid=free:4|layers=[2:1,0:1]|base=10,10,12,4,2,40000,3661,0.09152500,0.08155408,0.10157438,0.09441184,0.01961805,0.01961809,0.96942286,4.66534761,4.66533747,1132,[3, 5, 7, 11],[13260, 0, 5808, 3703],[0.3333333333333333, 0.0, 0.1428571388888889, 0.09090911111111116]
mid=free:4|layers=[3:1,0:1]|base=10,10,14,4,3,40000,3253,0.08132500,0.07139560,0.09133481,0.08042490,0.01671167,0.01671164,1.01119176,4.86636057,4.86636728,1084,[3, 5, 7, 11],[13141, 0, 5732, 3544],[0.3333333333333333, 0.0, 0.14285716666666676, 0.09090911111111115]
mid=free:4|layers=[4:1,0:1]|base=10,10,16,4,4,40000,2657,0.06642500,0.05655837,0.07637490,0.07004750,0.01455532,0.01455533,0.94828513,4.56362213,4.56362188,1105,[3, 5, 7, 11],[13347, 0, 5769, 3565],[0.3333333333333333, 0.0, 0.14285711111111116, 0.09090911111111116]
mid=free:4|layers=[5:1,0:1]|base=10,10,18,4,5,40000,2452,0.06130000,0.05145555,0.07122871,0.06204207,0.01289186,0.01289186,0.98803926,4.75493904,4.75493964,1526,[3, 5, 7, 11],[13205, 0, 5649, 3638],[0.3333333333333333, 0.0, 0.1428571388888889, 0.09090911111111115]
mid=free:4|layers=[6:1,0:1]|base=10,10,20,4,6,40000,2221,0.05552500,0.04570591,0.06542946,0.05567878,0.01156962,0.01156962,0.99723809,4.79920840,4.79920798,2466,[3, 5, 7, 11],[13390, 0, 5612, 3738],[0.3333333333333333, 0.0, 0.14285713888888896, 0.09090911111111116]
mid=free:4|layers=[7:1,0:1]|base=10,10,22,4,7,40000,1974,0.04935000,0.03955844,0.05922811,0.05049936,0.01049337,0.01049337,0.97724014,4.70296841,4.70296759,3274,[3, 5, 7, 11],[13388, 0, 5644, 3639],[0.3333333333333333, 0.0, 0.14285716666666676, 0.09090911111111115]
mid=free:4|layers=[8:1,0:1]|base=10,10,24,4,8,40000,1890,0.04725000,0.03746791,0.05711904,0.04620154,0.00960032,0.00960034,1.02269317,4.92171096,4.92170027,2889,[3, 5, 7, 11],[13296, 0, 5700, 3492],[0.3333333333333333, 0.0, 0.1428571388888889, 0.09090911111111116]
mid=free:5|layers=[0:1,0:1]|base=10,10,9,5,0,40000,5015,0.12537500,0.11527448,0.13554747,0.12773367,0.02654206,0.02654206,0.98153446,4.72363457,4.72363462,718,[3, 5, 7, 11],[13291, 0, 5773, 3710],[0.3333333333333333, 0.0, 0.1428571416666667, 0.09090908888888896]
mid=free:5|layers=[1:1,0:1]|base=10,10,11,5,1,40000,3946,0.09865000,0.08865076,0.10872633,0.10340345,0.02148643,0.02148643,0.95403008,4.59126978,4.59126996,887,[3, 5, 7, 11],[13331, 0, 5897, 3688],[0.3333333333333333, 0.0, 0.14285714444444444, 0.09090909166666672]
mid=free:5|layers=[2:1,0:1]|base=10,10,13,5,2,40000,3444,0.08610000,0.07615102,0.09612848,0.08685890,0.01804860,0.01804860,0.99126288,4.77045260,4.77045265,6832,[3, 5, 7, 11],[13523, 0, 5798, 3655],[0.3333333333333333, 0.0, 0.1428571416666667, 0.09090908888888896]
mid=free:5|layers=[3:1,0:1]|base=10,10,15,5,3,40000,2962,0.07405000,0.06415094,0.08403087,0.07487836,0.01555914,0.01555914,0.98893727,4.75926062,4.75925965,703,[3, 5, 7, 11],[13428, 0, 5699, 3662],[0.3333333333333333, 0.0, 0.1428571416666667, 0.09090909166666672]
mid=free:5|layers=[4:1,0:1]|base=10,10,17,5,4,40000,2621,0.06552500,0.05566225,0.07547120,0.06580219,0.01367318,0.01367318,0.99578746,4.79222714,4.79222732,1583,[3, 5, 7, 11],[13267, 0, 5694, 3651],[0.3333333333333333, 0.0, 0.1428571416666667, 0.09090908888888896]
mid=free:5|layers=[5:1,0:1]|base=10,10,19,5,5,40000,2303,0.05757500,0.04774686,0.06748811,0.05868844,0.01219500,0.01219500,0.98102789,4.72119674,4.72119554,1544,[3, 5, 7, 11],[13269, 0, 5848, 3562],[0.3333333333333333, 0.0, 0.14285714444444447, 0.09090909166666672]
mid=free:5|layers=[6:1,0:1]|base=10,10,21,5,6,40000,2061,0.05152500,0.04172369,0.06141244,0.05296274,0.01100525,0.01100524,0.97285371,4.68185849,4.68185853,2497,[3, 5, 7, 11],[13247, 0, 5668, 3677],[0.3333333333333333, 0.0, 0.1428571416666667, 0.09090908888888896]
mid=free:5|layers=[7:1,0:1]|base=10,10,23,5,7,40000,1963,0.04907500,0.03928468,0.05895192,0.04825494,0.01002700,0.01002700,1.01699427,4.89428494,4.89428514,3229,[3, 5, 7, 11],[13328, 0, 5843, 3665],[0.3333333333333333, 0.0, 0.14285714444444444, 0.09090909166666672]
mid=free:5|layers=[8:1,0:1]|base=10,10,25,5,8,40000,1663,0.04157500,0.03181876,0.05141929,0.04431576,0.00920847,0.00920847,0.93815376,4.51486494,4.51486498,3374,[3, 5, 7, 11],[13454, 0, 5756, 3663],[0.3333333333333333, 0.0, 0.1428571416666667, 0.09090908888888896]
mid=free:6|layers=[0:1,0:1]|base=10,10,10,6,0,40000,4450,0.11125000,0.10120204,0.12137262,0.11428802,0.02374816,0.02374816,0.97341785,4.68457339,4.68457339,945,[3, 5, 7, 11],[13362, 0, 5696, 3694],[0.3333333333333333, 0.0, 0.1428571427777779, 0.09090909111111115]
mid=free:6|layers=[1:1,0:1]|base=10,10,12,6,1,40000,3665,0.09162500,0.08165367,0.10167476,0.09441184,0.01961805,0.01961805,0.97048205,4.67044488,4.67044487,1346,[3, 5, 7, 11],[13463, 0, 5753, 3656],[0.3333333333333333, 0.0, 0.1428571427777778, 0.09090909111111115]
mid=free:6|layers=[2:1,0:1]|base=10,10,14,6,2,40000,3141,0.07852500,0.06860721,0.08852374,0.08042490,0.01671167,0.01671167,0.97637667,4.69881273,4.69881268,846,[3, 5, 7, 11],[13318, 0, 5736, 3544],[0.3333333333333333, 0.0, 0.1428571430555557, 0.09090909111111115]
mid=free:6|layers=[3:1,0:1]|base=10,10,16,6,3,40000,2784,0.06960000,0.05971979,0.07956288,0.07004750,0.01455532,0.01455532,0.99361152,4.78175544,4.78175544,1485,[3, 5, 7, 11],[13248, 0, 5681, 3659],[0.3333333333333333, 0.0, 0.1428571427777779, 0.09090909111111115]
mid=free:6|layers=[4:1,0:1]|base=10,10,18,6,4,40000,2470,0.06175000,0.05190359,0.07168058,0.06204207,0.01289186,0.01289186,0.99529241,4.78984471,4.78984470,1432,[3, 5, 7, 11],[13364, 0, 5809, 3576],[0.3333333333333333, 0.0, 0.1428571427777778, 0.09090909111111115]
mid=free:6|layers=[5:1,0:1]|base=10,10,20,6,5,40000,2211,0.05527500,0.04545701,0.06517840,0.05567878,0.01156962,0.01156962,0.99274805,4.77759999,4.77759995,2708,[3, 5, 7, 11],[13375, 0, 5538, 3690],[0.3333333333333333, 0.0, 0.14285714305555566, 0.09090909111111115]
mid=free:6|layers=[6:1,0:1]|base=10,10,22,6,6,40000,2012,0.05030000,0.04050418,0.06018219,0.05049936,0.01049337,0.01049337,0.99605226,4.79350150,4.79350150,3036,[3, 5, 7, 11],[13400, 0, 5650, 3614],[0.3333333333333333, 0.0, 0.1428571427777779, 0.09090909111111115]
mid=free:6|layers=[7:1,0:1]|base=10,10,24,6,7,40000,1903,0.04757500,0.03779144,0.05744545,0.04620154,0.00960032,0.00960032,1.02972757,4.95556391,4.95556391,3359,[3, 5, 7, 11],[13269, 0, 5775, 3656],[0.3333333333333333, 0.0, 0.1428571427777778, 0.09090909111111115]
mid=free:6|layers=[8:1,0:1]|base=10,10,26,6,8,40000,1702,0.04255000,0.03278929,0.05239857,0.04257789,0.00884735,0.00884735,0.99934496,4.80934760,4.80934756,3027,[3, 5, 7, 11],[13242, 0, 5736, 3685],[0.3333333333333333, 0.0, 0.1428571430555557, 0.09090909111111115]
mid=free:7|layers=[0:1,0:1]|base=10,10,11,7,0,40000,3995,0.09987500,0.08987094,0.10995591,0.10340345,0.02148643,0.02148643,0.96587688,4.64828249,4.64828249,1046,[3, 5, 7, 11],[13427, 0, 5776, 3606],[0.3333333333333333, 0.0, 0.14285714286111115, 0.09090909088888897]
mid=free:7|layers=[1:1,0:1]|base=10,10,13,7,1,40000,3458,0.08645000,0.07649959,0.09647984,0.08685890,0.01804860,0.01804860,0.99529241,4.78984471,4.78984470,624,[3, 5, 7, 11],[13454, 0, 5561, 3514],[0.3333333333333333, 0.0, 0.14285714288888893, 0.09090909091666671]
mid=free:7|layers=[2:1,0:1]|base=10,10,15,7,2,40000,3020,0.07550000,0.06559484,0.08548669,0.07487836,0.01555914,0.01555914,1.00830201,4.85245343,4.85245343,655,[3, 5, 7, 11],[13262, 0, 5671, 3614],[0.3333333333333333, 0.0, 0.14285714286111115, 0.09090909088888897]
mid=free:7|layers=[3:1,0:1]|base=10,10,17,7,3,40000,2553,0.06382500,0.05396959,0.07376418,0.06580219,0.01367318,0.01367318,0.96995246,4.66789620,4.66789619,1262,[3, 5, 7, 11],[13222, 0, 5625, 3701],[0.3333333333333333, 0.0, 0.14285714286111112, 0.09090909091666671]
mid=free:7|layers=[4:1,0:1]|base=10,10,19,7,4,40000,2335,0.05837500,0.04854334,0.06829147,0.05868844,0.01219500,0.01219500,0.99465920,4.78679738,4.78679738,1508,[3, 5, 7, 11],[13367, 0, 5682, 3677],[0.3333333333333333, 0.0, 0.14285714286111112, 0.09090909088888897]
mid=free:7|layers=[5:1,0:1]|base=10,10,21,7,5,40000,2181,0.05452500,0.04471034,0.06442522,0.05296274,0.01100525,0.01100525,1.02949731,4.95445579,4.95445578,2538,[3, 5, 7, 11],[13354, 0, 5713, 3469],[0.3333333333333333, 0.0, 0.14285714286111112, 0.09090909091666671]
mid=free:7|layers=[6:1,0:1]|base=10,10,23,7,6,40000,1869,0.04672500,0.03694529,0.05659177,0.04825494,0.01002700,0.01002700,0.96829460,4.65991774,4.65991774,2722,[3, 5, 7, 11],[13405, 0, 5647, 3642],[0.3333333333333333, 0.0, 0.14285714286111115, 0.09090909088888897]
mid=free:7|layers=[7:1,0:1]|base=10,10,25,7,7,40000,1761,0.04402500,0.03425755,0.05388002,0.04431576,0.00920847,0.00920847,0.99343883,4.78092435,4.78092434,2961,[3, 5, 7, 11],[13291, 0, 5752, 3539],[0.3333333333333333, 0.0, 0.14285714288888893, 0.09090909091666671]
mid=free:7|layers=[8:1,0:1]|base=10,10,27,7,8,40000,1564,0.03910000,0.02935515,0.04893337,0.04097118,0.00851349,0.00851349,0.95432942,4.59271032,4.59271032,2916,[3, 5, 7, 11],[13208, 0, 5792, 3573],[0.3333333333333333, 0.0, 0.14285714286111115, 0.09090909088888897]
mid=free:8|layers=[0:1,0:1]|base=10,10,12,8,0,40000,3763,0.09407500,0.08409388,0.10413409,0.09441184,0.01961805,0.01961805,0.99643219,4.79532990,4.79532990,1020,[3, 5, 7, 11],[13335, 0, 5601, 3614],[0.3333333333333333, 0.0, 0.14285714285833337, 0.09090909091111114]
mid=free:8|layers=[1:1,0:1]|base=10,10,14,8,1,40000,3213,0.08032500,0.07039974,0.09033087,0.08042490,0.01671167,0.01671167,0.99875780,4.80652190,4.80652190,1363,[3, 5, 7, 11],[13152, 0, 5621, 3771],[0.3333333333333333, 0.0, 0.1428571428583335, 0.09090909091111114]
mid=free:8|layers=[2:1,0:1]|base=10,10,16,8,2,40000,2667,0.06667500,0.05680730,0.07662592,0.07004750,0.01455532,0.01455532,0.95185414,4.58079804,4.58079804,1135,[3, 5, 7, 11],[13394, 0, 5678, 3730],[0.3333333333333333, 0.0, 0.14285714285555567, 0.09090909091111114]
mid=free:8|layers=[3:1,0:1]|base=10,10,18,8,3,40000,2547,0.06367500,0.05382024,0.07361356,0.06204207,0.01289186,0.01289186,1.02631974,4.93916375,4.93916375,927,[3, 5, 7, 11],[13456, 0, 5691, 3740],[0.3333333333333333, 0.0, 0.1428571428555556, 0.09090909091111114]
mid=free:8|layers=[4:1,0:1]|base=10,10,20,8,4,40000,2229,0.05572500,0.04590502,0.06563031,0.05567878,0.01156962,0.01156962,1.00083012,4.81649497,4.81649495,3027,[3, 5, 7, 11],[13243, 0, 5758, 3708],[0.3333333333333333, 0.0, 0.14285714286111123, 0.09090909091111114]
mid=free:8|layers=[5:1,0:1]|base=10,10,22,8,5,40000,1975,0.04937500,0.03958333,0.05925322,0.05049936,0.01049337,0.01049337,0.97773520,4.70535063,4.70535063,2773,[3, 5, 7, 11],[13364, 0, 5736, 3615],[0.3333333333333333, 0.0, 0.14285714285555567, 0.09090909091111114]
mid=free:8|layers=[6:1,0:1]|base=10,10,24,8,6,40000,1868,0.04670000,0.03692040,0.05656666,0.04620154,0.00960032,0.00960032,1.01078880,4.86442112,4.86442112,3242,[3, 5, 7, 11],[13295, 0, 5750, 3691],[0.3333333333333333, 0.0, 0.14285714285833337, 0.09090909091111114]
mid=free:8|layers=[7:1,0:1]|base=10,10,26,8,7,40000,1686,0.04215000,0.03239112,0.05199682,0.04257789,0.00884735,0.00884735,0.98995041,4.76413634,4.76413634,3325,[3, 5, 7, 11],[13367, 0, 5712, 3652],[0.3333333333333333, 0.0, 0.1428571428583335, 0.09090909091111114]
mid=free:8|layers=[8:1,0:1]|base=10,10,28,8,8,40000,1577,0.03942500,0.02967865,0.04925981,0.03948132,0.00820391,0.00820391,0.99857359,4.80563540,4.80563540,3799,[3, 5, 7, 11],[13330, 0, 5810, 3724],[0.3333333333333333, 0.0, 0.14285714285555567, 0.09090909091111114]
mid=free:9|layers=[0:1,0:1]|base=10,10,13,9,0,40000,3301,0.08252500,0.07259066,0.09253952,0.08685890,0.01804860,0.01804860,0.95010417,4.57237634,4.57237634,867,[3, 5, 7, 11],[13158, 0, 5759, 3644],[0.3333333333333333, 0.0, 0.14285714285722223, 0.090909090908889]
mid=free:9|layers=[1:1,0:1]|base=10,10,15,9,1,40000,3085,0.07712500,0.06721304,0.08711818,0.07487836,0.01555914,0.01555914,1.03000388,4.95689366,4.95689366,8371,[3, 5, 7, 11],[13338, 0, 5724, 3738],[0.3333333333333333, 0.0, 0.14285714285722223, 0.0909090909091667]
mid=free:9|layers=[2:1,0:1]|base=10,10,17,9,2,40000,2581,0.06452500,0.05466656,0.07446708,0.06580219,0.01367318,0.01367318,0.98059040,4.71909130,4.71909130,1383,[3, 5, 7, 11],[13294, 0, 5673, 3657],[0.3333333333333333, 0.0, 0.14285714285722226, 0.090909090908889]
mid=free:9|layers=[3:1,0:1]|base=10,10,19,9,3,40000,2345,0.05862500,0.04879225,0.06854252,0.05868844,0.01219500,0.01219500,0.99891898,4.80729758,4.80729758,1374,[3, 5, 7, 11],[13332, 0, 5842, 3666],[0.3333333333333333, 0.0, 0.14285714285722226, 0.0909090909091667]
mid=free:9|layers=[4:1,0:1]|base=10,10,21,9,4,40000,2080,0.05200000,0.04219657,0.06188947,0.05296274,0.01100525,0.01100525,0.98182228,4.72501974,4.72501974,2976,[3, 5, 7, 11],[13159, 0, 5720, 3655],[0.3333333333333333, 0.0, 0.14285714285722223, 0.090909090908889]
mid=free:9|layers=[5:1,0:1]|base=10,10,23,9,5,40000,1835,0.04587500,0.03609914,0.05573808,0.04825494,0.01002700,0.01002700,0.95067982,4.57514664,4.57514663,2886,[3, 5, 7, 11],[13311, 0, 5737, 3649],[0.3333333333333333, 0.0, 0.14285714285694445, 0.0909090909091667]
mid=free:9|layers=[6:1,0:1]|base=10,10,25,9,6,40000,1724,0.04310000,0.03333677,0.05295098,0.04431576,0.00920847,0.00920847,0.97256589,4.68047335,4.68047335,3621,[3, 5, 7, 11],[13486, 0, 5874, 3612],[0.3333333333333333, 0.0, 0.14285714285722223, 0.090909090908889]
mid=free:9|layers=[7:1,0:1]|base=10,10,27,9,7,40000,1626,0.04065000,0.03089800,0.05049022,0.04097118,0.00851349,0.00851349,0.99216089,4.77477429,4.77477429,2851,[3, 5, 7, 11],[13240, 0, 5688, 3690],[0.3333333333333333, 0.0, 0.14285714285722223, 0.0909090909091667]
mid=free:9|layers=[8:1,0:1]|base=10,10,29,9,8,40000,1507,0.03767500,0.02793674,0.04750206,0.03809601,0.00791605,0.00791605,0.98894878,4.75931603,4.75931603,8757,[3, 5, 7, 11],[13362, 0, 5800, 3669],[0.3333333333333333, 0.0, 0.14285714285722226, 0.090909090908889]
mid=free:10|layers=[0:1,0:1]|base=10,10,14,10,0,40000,3094,0.07735000,0.06743710,0.08734407,0.08042490,0.01671167,0.01671167,0.96176677,4.62850257,4.62850257,1098,[3, 5, 7, 11],[13367, 0, 5664, 3555],[0.3333333333333333, 0.0, 0.14285714285713896, 0.09090909090911115]
mid=free:10|layers=[1:1,0:1]|base=10,10,16,10,1,40000,2737,0.06842500,0.05854980,0.07838309,0.07004750,0.01455532,0.01455532,0.97683719,4.70102896,4.70102896,1039,[3, 5, 7, 11],[13284, 0, 5586, 3549],[0.3333333333333333, 0.0, 0.14285714285716686, 0.09090909090911115]
mid=free:10|layers=[2:1,0:1]|base=10,10,18,10,2,40000,2466,0.06165000,0.05180403,0.07158016,0.06204207,0.01289186,0.01289186,0.99368060,4.78208787,4.78208787,1281,[3, 5, 7, 11],[13211, 0, 5565, 3636],[0.3333333333333333, 0.0, 0.14285714285713894, 0.09090909090911115]
mid=free:10|layers=[3:1,0:1]|base=10,10,20,10,3,40000,2228,0.05570000,0.04588013,0.06560520,0.05567878,0.01156962,0.01156962,1.00038112,4.81433414,4.81433414,1821,[3, 5, 7, 11],[13371, 0, 5620, 3754],[0.3333333333333333, 0.0, 0.14285714285716683, 0.09090909090911115]
mid=free:10|layers=[4:1,0:1]|base=10,10,22,10,4,40000,2045,0.05112500,0.04132548,0.06101073,0.05049936,0.01049337,0.01049337,1.01238910,4.87212255,4.87212255,2833,[3, 5, 7, 11],[13242, 0, 5644, 3567],[0.3333333333333333, 0.0, 0.1428571428571112, 0.09090909090911115]
mid=free:10|layers=[5:1,0:1]|base=10,10,24,10,5,40000,1863,0.04657500,0.03679597,0.05644112,0.04620154,0.00960032,0.00960032,1.00808327,4.85140072,4.85140072,2972,[3, 5, 7, 11],[13332, 0, 5625, 3613],[0.3333333333333333, 0.0, 0.14285714285713894, 0.09090909090911115]
mid=free:10|layers=[6:1,0:1]|base=10,10,26,10,6,40000,1643,0.04107500,0.03132105,0.05091709,0.04257789,0.00884735,0.00884735,0.96470256,4.64263109,4.64263109,3066,[3, 5, 7, 11],[13360, 0, 5705, 3598],[0.3333333333333333, 0.0, 0.14285714285713896, 0.09090909090911115]
mid=free:10|layers=[7:1,0:1]|base=10,10,28,10,7,40000,1570,0.03925000,0.02950445,0.04908404,0.03948132,0.00820391,0.00820391,0.99414111,4.78430411,4.78430411,5979,[3, 5, 7, 11],[13256, 0, 5775, 3608],[0.3333333333333333, 0.0, 0.14285714285716686, 0.09090909090911115]
mid=free:10|layers=[8:1,0:1]|base=10,10,30,10,8,40000,1457,0.03642500,0.02669254,0.04624649,0.03680462,0.00764771,0.00764771,0.98968561,4.76286201,4.76286201,2941,[3, 5, 7, 11],[13433, 0, 5717, 3731],[0.3333333333333333, 0.0, 0.14285714285713894, 0.09090909090911115]
mid=free:11|layers=[0:1,0:1]|base=10,10,15,11,0,40000,2948,0.07370000,0.06380241,0.08367947,0.07487836,0.01555914,0.01555914,0.98426302,4.73676580,4.73676580,1213,[3, 5, 7, 11],[13327, 0, 5761, 3513],[0.3333333333333333, 0.0, 0.14285714285714166, 0.09090909090908901]
mid=free:11|layers=[1:1,0:1]|base=10,10,17,11,1,40000,2618,0.06545000,0.05558757,0.07539589,0.06580219,0.01367318,0.01367318,0.99464768,4.78674197,4.78674197,1343,[3, 5, 7, 11],[13346, 0, 5737, 3623],[0.3333333333333333, 0.0, 0.14285714285714446, 0.09090909090909172]
mid=free:11|layers=[2:1,0:1]|base=10,10,19,11,2,40000,2285,0.05712500,0.04729884,0.06703622,0.05868844,0.01219500,0.01219500,0.97336028,4.68429636,4.68429636,625,[3, 5, 7, 11],[13397, 0, 5830, 3652],[0.3333333333333333, 0.0, 0.14285714285714168, 0.09090909090908901]
mid=free:11|layers=[3:1,0:1]|base=10,10,21,11,3,40000,2142,0.05355000,0.04373967,0.06344608,0.05296274,0.01100525,0.01100525,1.01108814,4.86586167,4.86586167,4642,[3, 5, 7, 11],[13267, 0, 5677, 3717],[0.3333333333333333, 0.0, 0.14285714285714168, 0.09090909090909172]
mid=free:11|layers=[4:1,0:1]|base=10,10,23,11,4,40000,1936,0.04840000,0.03861272,0.05827401,0.04825494,0.01002700,0.01002700,1.00300607,4.82696670,4.82696670,2109,[3, 5, 7, 11],[13260, 0, 5730, 3669],[0.3333333333333333, 0.0, 0.14285714285714174, 0.09090909090908901]
mid=free:11|layers=[5:1,0:1]|base=10,10,25,11,5,40000,1729,0.04322500,0.03346120,0.05307653,0.04431576,0.00920847,0.00920847,0.97538656,4.69404781,4.69404781,2622,[3, 5, 7, 11],[13398, 0, 5754, 3696],[0.3333333333333333, 0.0, 0.1428571428571445, 0.09090909090909172]
mid=free:11|layers=[6:1,0:1]|base=10,10,27,11,6,40000,1605,0.04012500,0.03037542,0.04996290,0.04097118,0.00851349,0.00851349,0.97934700,4.71310746,4.71310746,3836,[3, 5, 7, 11],[13372, 0, 5744, 3731],[0.3333333333333333, 0.0, 0.14285714285714166, 0.09090909090908901]
mid=free:11|layers=[7:1,0:1]|base=10,10,29,11,7,40000,1480,0.03700000,0.02726487,0.04682406,0.03809601,0.00791605,0.00791605,0.97123039,4.67404626,4.67404626,3136,[3, 5, 7, 11],[13391, 0, 5795, 3577],[0.3333333333333333, 0.0, 0.14285714285714446, 0.09090909090909172]
mid=free:11|layers=[8:1,0:1]|base=10,10,31,11,8,40000,1418,0.03545000,0.02572208,0.04526714,0.03559791,0.00739697,0.00739697,0.99584503,4.79250419,4.79250419,1651,[3, 5, 7, 11],[13502, 0, 5722, 3709],[0.3333333333333333, 0.0, 0.14285714285714168, 0.09090909090908901]
mid=free:12|layers=[0:1,0:1]|base=10,10,16,12,0,40000,2803,0.07007500,0.06019276,0.08003981,0.07004750,0.01455532,0.01455532,1.00039263,4.81438954,4.81438954,1124,[3, 5, 7, 11],[13217, 0, 5675, 3720],[0.3333333333333333, 0.0, 0.1428571428571429, 0.09090909090909118]
mid=free:12|layers=[1:1,0:1]|base=10,10,18,12,1,40000,2505,0.06262500,0.05277479,0.07255921,0.06204207,0.01289186,0.01289186,1.00939574,4.85771700,4.85771700,1534,[3, 5, 7, 11],[13250, 0, 5780, 3534],[0.3333333333333333, 0.0, 0.14285714285714288, 0.09090909090909116]
mid=free:12|layers=[2:1,0:1]|base=10,10,20,12,2,40000,2214,0.05535000,0.04553168,0.06525372,0.05567878,0.01156962,0.01156962,0.99409506,4.78408249,4.78408249,3213,[3, 5, 7, 11],[13182, 0, 5700, 3698],[0.3333333333333333, 0.0, 0.1428571428571432, 0.09090909090909118]
mid=free:12|layers=[3:1,0:1]|base=10,10,22,12,3,40000,1986,0.04965000,0.03985710,0.05952940,0.05049936,0.01049337,0.01049337,0.98318081,4.73155764,4.73155764,3075,[3, 5, 7, 11],[13514, 0, 5719, 3681],[0.3333333333333333, 0.0, 0.14285714285714293, 0.09090909090909116]
mid=free:12|layers=[4:1,0:1]|base=10,10,24,12,4,40000,1819,0.04547500,0.03570095,0.05533634,0.04620154,0.00960032,0.00960032,0.98427454,4.73682121,4.73682121,2549,[3, 5, 7, 11],[13317, 0, 5808, 3739],[0.3333333333333333, 0.0, 0.14285714285714288, 0.09090909090909118]
mid=free:12|layers=[5:1,0:1]|base=10,10,26,12,5,40000,1703,0.04257500,0.03281417,0.05242368,0.04257789,0.00884735,0.00884735,0.99993212,4.81217331,4.81217331,3129,[3, 5, 7, 11],[13297, 0, 5644, 3599],[0.3333333333333333, 0.0, 0.1428571428571432, 0.09090909090909116]
mid=free:12|layers=[6:1,0:1]|base=10,10,28,12,6,40000,1490,0.03725000,0.02751371,0.04707517,0.03948132,0.00820391,0.00820391,0.94348424,4.54051791,4.54051791,2656,[3, 5, 7, 11],[13243, 0, 5775, 3712],[0.3333333333333333, 0.0, 0.1428571428571429, 0.09090909090909118]
mid=free:12|layers=[7:1,0:1]|base=10,10,30,12,7,40000,1443,0.03607500,0.02634417,0.04589493,0.03680462,0.00764771,0.00764771,0.98017594,4.71709669,4.71709669,3086,[3, 5, 7, 11],[13284, 0, 5791, 3633],[0.3333333333333333, 0.0, 0.14285714285714288, 0.09090909090909116]
mid=free:12|layers=[8:1,0:1]|base=10,10,32,12,8,40000,1359,0.03397500,0.02425397,0.04378554,0.03446782,0.00716214,0.00716214,0.98570214,4.74369155,4.74369155,714,[3, 5, 7, 11],[13489, 0, 5723, 3621],[0.3333333333333333, 0.0, 0.1428571428571432, 0.09090909090909118]
