base,outer,inner,M,k,seed,membrane_value,is_prime,discriminant,delta_factors,legendre_3,legendre_5,legendre_7,legendre_11
15,13,1,1,0,"(1,)",661753,False,-675,,0,0,1,-1
15,13,1,1,0,"(2,)",661978,False,-672,,0,-1,0,-1
15,13,1,1,0,"(3,)",662203,True,-667,,-1,-1,-1,1
15,13,1,1,0,"(6,)",662878,False,-640,,-1,0,1,1
15,13,1,1,0,"(10,)",663778,False,-576,,0,1,-1,-1
15,13,1,1,0,"(12,)",664228,False,-532,,-1,-1,0,-1
15,13,1,1,0,"(13,)",664453,False,-507,,0,-1,1,-1
15,13,1,1,1,"(2,)",33329070238,False,-672,,0,-1,0,-1
15,13,1,1,1,"(3,)",33329120863,False,-667,,-1,-1,-1,1
15,13,1,1,1,"(4,)",33329171488,False,-660,,0,0,-1,0
15,13,1,1,1,"(6,)",33329272738,False,-640,,-1,0,1,1
15,13,1,1,1,"(8,)",33329373988,False,-612,,0,-1,1,1
15,13,1,1,1,"(10,)",33329475238,False,-576,,0,1,-1,-1
15,13,1,1,1,"(11,)",33329525863,False,-555,,0,0,-1,-1
15,13,1,1,1,"(13,)",33329627113,True,-507,,0,-1,1,-1
15,13,1,1,2,"(2,)",1686740858722138,False,-672,,0,-1,0,-1
15,13,1,1,2,"(3,)",1686740870112763,False,-667,,-1,-1,-1,1
15,13,1,1,2,"(4,)",1686740881503388,False,-660,,0,0,-1,0
15,13,1,1,2,"(8,)",1686740927065888,False,-612,,0,-1,1,1
15,13,1,1,2,"(9,)",1686740938456513,True,-595,,-1,0,0,-1
15,13,1,1,2,"(10,)",1686740949847138,False,-576,,0,1,-1,-1
15,13,1,1,2,"(11,)",1686740961237763,False,-555,,0,0,-1,-1
15,13,1,1,3,"(2,)",85389438375731300638,False,-672,,0,-1,0,-1
15,13,1,1,3,"(3,)",85389438378294191263,False,-667,,-1,-1,-1,1
15,13,1,1,3,"(4,)",85389438380857081888,False,-660,,0,0,-1,0
15,13,1,1,3,"(5,)",85389438383419972513,False,-651,,0,1,0,1
15,13,1,1,3,"(6,)",85389438385982863138,False,-640,,-1,0,1,1
15,13,1,1,3,"(8,)",85389438391108644388,False,-612,,0,-1,1,1
15,13,1,1,3,"(11,)",85389438398797316263,False,-555,,0,0,-1,-1
15,13,1,1,3,"(12,)",85389438401360206888,False,-532,,-1,-1,0,-1
15,13,1,1,3,"(13,)",85389438403923097513,False,-507,,0,-1,1,-1
15,13,1,2,0,"(0, 1)",9922753,False,-675,,0,0,1,-1
15,13,1,2,0,"(0, 3)",9923203,False,-667,,-1,-1,-1,1
15,13,1,2,0,"(0, 4)",9923428,False,-660,,0,0,-1,0
15,13,1,2,0,"(0, 5)",9923653,False,-651,,0,1,0,1
15,13,1,2,0,"(0, 6)",9923878,False,-640,,-1,0,1,1
15,13,1,2,0,"(0, 9)",9924553,True,-595,,-1,0,0,-1
15,13,1,2,0,"(0, 10)",9924778,False,-576,,0,1,-1,-1
15,13,1,2,0,"(0, 12)",9925228,False,-532,,-1,-1,0,-1
15,13,1,2,0,"(1, 1)",9926128,False,-420,,0,0,0,1
15,13,1,2,0,"(1, 2)",9926353,False,-387,,0,-1,-1,1
15,13,1,2,0,"(1, 3)",9926578,False,-352,,-1,-1,-1,0
15,13,1,2,0,"(1, 4)",9926803,False,-315,,0,0,0,1
15,13,1,2,0,"(1, 5)",9927028,False,-276,,0,1,1,-1
15,13,1,2,0,"(1, 8)",9927703,True,-147,,0,-1,0,-1
15,13,1,2,0,"(1, 9)",9927928,False,-100,,-1,0,-1,-1
15,13,1,2,0,"(1, 11)",9928378,False,0,,0,0,0,0
15,13,1,2,0,"(1, 12)",9928603,False,53,53:1,-1,-1,1,1
15,13,1,2,0,"(1, 14)",9929053,True,165,"3:1,5:1,11:1",0,0,1,0
15,13,1,2,0,"(2, 0)",9929278,False,224,"2:5,7:1",-1,1,0,1
15,13,1,2,0,"(2, 1)",9929503,False,285,"3:1,5:1,19:1",0,0,-1,-1
15,13,1,2,0,"(2, 2)",9929728,False,348,"2:2,3:1,29:1",0,-1,-1,-1
15,13,1,2,0,"(2, 4)",9930178,False,480,"2:5,3:1,5:1",0,0,1,-1
15,13,1,2,0,"(2, 6)",9930628,False,620,"2:2,5:1,31:1",-1,0,1,1
15,13,1,2,0,"(2, 7)",9930853,False,693,"3:2,7:1,11:1",0,-1,0,0
15,13,1,2,0,"(2, 9)",9931303,False,845,"5:1,13:2",-1,0,-1,1
15,13,1,2,0,"(2, 13)",9932203,False,1173,"3:1,17:1,23:1",0,-1,1,-1
15,13,1,2,0,"(3, 0)",9932653,False,1349,"19:1,71:1",-1,1,-1,-1
15,13,1,2,0,"(3, 1)",9932878,False,1440,"2:5,3:2,5:1",0,0,-1,-1
15,13,1,2,0,"(3, 2)",9933103,True,1533,"3:1,7:1,73:1",0,-1,0,1
15,13,1,2,0,"(3, 3)",9933328,False,1628,"2:2,11:1,37:1",-1,-1,1,0
15,13,1,2,0,"(3, 5)",9933778,False,1824,"2:5,3:1,19:1",0,1,1,1
15,13,1,2,0,"(3, 6)",9934003,False,1925,"5:2,7:1,11:1",-1,0,0,0
15,13,1,2,0,"(3, 7)",9934228,False,2028,"2:2,3:1,13:2",0,-1,-1,1
15,13,1,2,0,"(3, 8)",9934453,False,2133,"3:3,79:1",0,-1,-1,-1
15,13,1,2,0,"(3, 12)",9935353,False,2573,"31:1,83:1",-1,-1,1,-1
15,13,1,2,0,"(3, 13)",9935578,False,2688,"2:7,3:1,7:1",0,-1,0,1
15,13,1,2,0,"(4, 0)",9936028,False,2924,"2:2,17:1,43:1",-1,1,-1,1
15,13,1,2,0,"(4, 2)",9936478,False,3168,"2:5,3:2,11:1",0,-1,1,0
15,13,1,2,0,"(4, 4)",9936928,False,3420,"2:2,3:2,5:1,19:1",0,0,1,-1
15,13,1,2,0,"(4, 5)",9937153,False,3549,"3:1,7:1,13:2",0,1,0,-1
15,13,1,2,0,"(4, 8)",9937828,False,3948,"2:2,3:1,7:1,47:1",0,-1,0,-1
15,13,1,2,0,"(4, 9)",9938053,False,4085,"5:1,19:1,43:1",-1,0,1,1
15,13,1,2,0,"(4, 12)",9938728,False,4508,"2:2,7:2,23:1",-1,-1,0,1
15,13,1,2,0,"(4, 13)",9938953,True,4653,"3:2,11:1,47:1",0,-1,-1,0
15,13,1,2,0,"(4, 14)",9939178,False,4800,"2:6,3:1,5:2",0,0,-1,1
15,13,1,2,0,"(5, 0)",9939403,True,4949,"7:2,101:1",-1,1,0,-1
15,13,1,2,0,"(5, 4)",9940303,False,5565,"3:1,5:1,7:1,53:1",0,0,0,-1
15,13,1,2,0,"(5, 6)",9940753,False,5885,"5:1,11:1,107:1",-1,0,-1,0
15,13,1,2,0,"(5, 7)",9940978,False,6048,"2:5,3:3,7:1",0,-1,0,1
15,13,1,2,0,"(5, 8)",9941203,False,6213,"3:1,19:1,109:1",0,-1,1,1
15,13,1,2,0,"(5, 10)",9941653,True,6549,"3:1,37:1,59:1",0,1,1,1
15,13,1,2,0,"(5, 11)",9941878,False,6720,"2:6,3:1,5:1,7:1",0,0,0,-1
15,13,1,2,0,"(5, 12)",9942103,False,6893,"61:1,113:1",-1,-1,-1,-1
15,13,1,2,0,"(5, 14)",9942553,False,7245,"3:2,5:1,7:1,23:1",0,0,0,-1
15,13,1,2,0,"(6, 0)",9942778,False,7424,"2:8,29:1",-1,1,1,-1
15,13,1,2,0,"(6, 2)",9943228,False,7788,"2:2,3:1,11:1,59:1",0,-1,1,0
15,13,1,2,0,"(6, 4)",9943678,False,8160,"2:5,3:1,5:1,17:1",0,0,-1,1
15,13,1,2,0,"(6, 5)",9943903,True,8349,"3:1,11:2,23:1",0,1,-1,0
15,13,1,2,0,"(6, 6)",9944128,False,8540,"2:2,5:1,7:1,61:1",-1,0,0,1
15,13,1,2,0,"(6, 11)",9945253,True,9525,"3:1,5:2,127:1",0,0,-1,-1
15,13,1,2,0,"(6, 12)",9945478,False,9728,"2:9,19:1",-1,-1,-1,1
15,13,1,2,0,"(6, 13)",9945703,False,9933,"3:1,7:1,11:1,43:1",0,-1,0,0
15,13,1,2,0,"(6, 14)",9945928,False,10140,"2:2,3:1,5:1,13:2",0,0,1,1
15,13,1,2,0,"(7, 3)",9946828,False,10988,"2:2,41:1,67:1",-1,-1,-1,-1
15,13,1,2,0,"(7, 4)",9947053,False,11205,"3:3,5:1,83:1",0,0,-1,-1
15,13,1,2,0,"(7, 6)",9947503,False,11645,"5:1,17:1,137:1",-1,0,1,-1
15,13,1,2,0,"(7, 8)",9947953,False,12093,"3:1,29:1,139:1",0,-1,1,1
15,13,1,2,0,"(7, 9)",9948178,False,12320,"2:5,5:1,7:1,11:1",-1,0,0,0
15,13,1,2,0,"(7, 10)",9948403,False,12549,"3:1,47:1,89:1",0,1,-1,1
15,13,1,2,0,"(7, 12)",9948853,False,13013,"7:1,11:1,13:2",-1,-1,0,0
15,13,1,2,0,"(7, 13)",9949078,False,13248,"2:6,3:2,23:1",0,-1,1,1
15,13,1,2,0,"(8, 0)",9949528,False,13724,"2:2,47:1,73:1",-1,1,1,-1
15,13,1,2,0,"(8, 2)",9949978,False,14208,"2:7,3:1,37:1",0,-1,-1,-1
15,13,1,2,0,"(8, 3)",9950203,True,14453,"97:1,149:1",-1,-1,-1,-1
15,13,1,2,0,"(8, 4)",9950428,False,14700,"2:2,3:1,5:2,7:2",0,0,0,1
15,13,1,2,0,"(8, 5)",9950653,True,14949,"3:2,11:1,151:1",0,1,1,0
15,13,1,2,0,"(8, 8)",9951328,False,15708,"2:2,3:1,7:1,11:1,17:1",0,-1,0,0
15,13,1,2,0,"(8, 11)",9952003,False,16485,"3:1,5:1,7:1,157:1",0,0,0,-1
15,13,1,2,0,"(8, 14)",9952678,False,17280,"2:7,3:3,5:1",0,0,1,-1
15,13,1,2,0,"(9, 1)",9953128,False,17820,"2:2,3:4,5:1,11:1",0,0,-1,0
15,13,1,2,0,"(9, 2)",9953353,False,18093,"3:1,37:1,163:1",0,-1,-1,1
15,13,1,2,0,"(9, 3)",9953578,False,18368,"2:6,7:1,41:1",-1,-1,0,1
15,13,1,2,0,"(9, 4)",9953803,False,18645,"3:1,5:1,11:1,113:1",0,0,1,0
15,13,1,2,0,"(9, 6)",9954253,True,19205,"5:1,23:1,167:1",-1,0,1,-1
15,13,1,2,0,"(9, 7)",9954478,False,19488,"2:5,3:1,7:1,29:1",0,-1,0,-1
15,13,1,2,0,"(9, 11)",9955378,False,20640,"2:5,3:1,5:1,43:1",0,0,1,1
15,13,1,2,0,"(9, 13)",9955828,False,21228,"2:2,3:1,29:1,61:1",0,-1,1,1
15,13,1,2,0,"(9, 14)",9956053,False,21525,"3:1,5:2,7:1,41:1",0,0,0,1
15,13,1,2,0,"(10, 0)",9956278,False,21824,"2:6,11:1,31:1",-1,1,-1,0
15,13,1,2,0,"(10, 1)",9956503,True,22125,"3:1,5:3,59:1",0,0,-1,1
15,13,1,2,0,"(10, 2)",9956728,False,22428,"2:2,3:2,7:1,89:1",0,-1,0,-1
15,13,1,2,0,"(10, 5)",9957403,False,23349,"3:1,43:1,181:1",0,1,1,-1
15,13,1,2,0,"(10, 6)",9957628,False,23660,"2:2,5:1,7:1,13:2",-1,0,0,-1
15,13,1,2,0,"(10, 7)",9957853,False,23973,"3:1,61:1,131:1",0,-1,-1,1
15,13,1,2,0,"(10, 9)",9958303,True,24605,"5:1,7:1,19:1,37:1",-1,0,0,1
15,13,1,2,0,"(10, 10)",9958528,False,24924,"2:2,3:1,31:1,67:1",0,1,1,1
15,13,1,2,0,"(10, 12)",9958978,False,25568,"2:5,17:1,47:1",-1,-1,1,1
15,13,1,2,0,"(10, 13)",9959203,False,25893,"3:3,7:1,137:1",0,-1,0,-1
15,13,1,2,0,"(10, 14)",9959428,False,26220,"2:2,3:1,5:1,19:1,23:1",0,0,-1,-1
15,13,1,2,0,"(11, 1)",9959878,False,26880,"2:8,3:1,5:1,7:1",0,0,0,-1
15,13,1,2,0,"(11, 2)",9960103,False,27213,"3:1,47:1,193:1",0,-1,1,-1
15,13,1,2,0,"(11, 4)",9960553,True,27885,"3:1,5:1,11:1,13:2",0,0,1,0
15,13,1,2,0,"(11, 5)",9960778,False,28224,"2:6,3:2,7:2",0,1,0,1
15,13,1,2,0,"(11, 7)",9961228,False,28908,"2:2,3:2,11:1,73:1",0,-1,-1,0
15,13,1,2,0,"(11, 9)",9961678,False,29600,"2:5,5:2,37:1",-1,0,1,-1
15,13,1,2,0,"(11, 12)",9962353,False,30653,"7:1,29:1,151:1",-1,-1,0,-1
15,13,1,2,0,"(11, 14)",9962803,False,31365,"3:2,5:1,17:1,41:1",0,0,-1,1
15,13,1,2,0,"(12, 0)",9963028,False,31724,"2:2,7:1,11:1,103:1",-1,1,0,0
15,13,1,2,0,"(12, 1)",9963253,False,32085,"3:2,5:1,23:1,31:1",0,0,1,1
15,13,1,2,0,"(12, 3)",9963703,True,32813,"11:1,19:1,157:1",-1,-1,1,0
15,13,1,2,0,"(12, 5)",9964153,True,33549,"3:1,53:1,211:1",0,1,-1,-1
15,13,1,2,0,"(12, 6)",9964378,False,33920,"2:7,5:1,53:1",-1,0,-1,-1
15,13,1,2,0,"(12, 8)",9964828,False,34668,"2:2,3:4,107:1",0,-1,1,-1
15,13,1,2,0,"(12, 10)",9965278,False,35424,"2:5,3:3,41:1",0,1,1,1
15,13,1,2,0,"(12, 11)",9965503,True,35805,"3:1,5:1,7:1,11:1,31:1",0,0,0,0
15,13,1,2,0,"(12, 13)",9965953,False,36573,"3:1,73:1,167:1",0,-1,-1,1
15,13,1,2,0,"(12, 14)",9966178,False,36960,"2:5,3:1,5:1,7:1,11:1",0,0,0,0
15,13,1,2,0,"(13, 5)",9967528,False,39324,"2:2,3:1,29:1,113:1",0,1,-1,-1
15,13,1,2,0,"(13, 6)",9967753,False,39725,"5:2,7:1,227:1",-1,0,0,1
15,13,1,2,0,"(13, 7)",9967978,False,40128,"2:6,3:1,11:1,19:1",0,-1,1,0
15,13,1,2,0,"(13, 9)",9968428,False,40940,"2:2,5:1,23:1,89:1",-1,0,1,1
15,13,1,2,0,"(13, 10)",9968653,False,41349,"3:1,7:1,11:1,179:1",0,1,0,0
15,13,1,2,0,"(13, 11)",9968878,False,41760,"2:5,3:2,5:1,29:1",0,0,-1,1
15,13,1,2,0,"(13, 12)",9969103,True,42173,"181:1,233:1",-1,-1,-1,-1
15,13,1,2,0,"(13, 13)",9969328,False,42588,"2:2,3:2,7:1,13:2",0,-1,0,-1
15,13,1,2,0,"(14, 3)",9970453,False,44693,"11:1,17:1,239:1",-1,-1,-1,0
15,13,1,2,0,"(14, 4)",9970678,False,45120,"2:6,3:1,5:1,47:1",0,0,-1,1
15,13,1,2,0,"(14, 5)",9970903,False,45549,"3:3,7:1,241:1",0,1,0,1
15,13,1,2,0,"(14, 8)",9971578,False,46848,"2:8,3:1,61:1",0,-1,1,-1
15,13,1,2,0,"(14, 9)",9971803,False,47285,"5:1,7:2,193:1",-1,0,0,-1
15,13,1,2,0,"(14, 11)",9972253,False,48165,"3:1,5:1,13:2,19:1",0,0,-1,-1
15,13,1,2,1,"(0, 2)",499934632738,False,-672,,0,-1,0,-1
15,13,1,2,1,"(0, 4)",499934733988,False,-660,,0,0,-1,0
15,13,1,2,1,"(0, 6)",499934835238,False,-640,,-1,0,1,1
15,13,1,2,1,"(0, 9)",499934987113,False,-595,,-1,0,0,-1
15,13,1,2,1,"(0, 10)",499935037738,False,-576,,0,1,-1,-1
15,13,1,2,1,"(0, 11)",499935088363,False,-555,,0,0,-1,-1
15,13,1,2,1,"(0, 12)",499935138988,False,-532,,-1,-1,0,-1
15,13,1,2,1,"(0, 13)",499935189613,False,-507,,0,-1,1,-1
15,13,1,2,1,"(1, 0)",499935290863,False,-451,,-1,1,1,0
15,13,1,2,1,"(1, 2)",499935392113,False,-387,,0,-1,-1,1
15,13,1,2,1,"(1, 3)",499935442738,False,-352,,-1,-1,-1,0
15,13,1,2,1,"(1, 4)",499935493363,False,-315,,0,0,0,1
15,13,1,2,1,"(1, 7)",499935645238,False,-192,,0,-1,1,-1
15,13,1,2,1,"(1, 8)",499935695863,True,-147,,0,-1,0,-1
15,13,1,2,1,"(1, 10)",499935797113,False,-51,,0,1,-1,1
15,13,1,2,1,"(1, 14)",499935999613,True,165,"3:1,5:1,11:1",0,0,1,0
15,13,1,2,1,"(2, 0)",499936050238,False,224,"2:5,7:1",-1,1,0,1
15,13,1,2,1,"(2, 1)",499936100863,True,285,"3:1,5:1,19:1",0,0,-1,-1
15,13,1,2,1,"(2, 2)",499936151488,False,348,"2:2,3:1,29:1",0,-1,-1,-1
15,13,1,2,1,"(2, 6)",499936353988,False,620,"2:2,5:1,31:1",-1,0,1,1
15,13,1,2,1,"(2, 7)",499936404613,False,693,"3:2,7:1,11:1",0,-1,0,0
15,13,1,2,1,"(2, 10)",499936556488,False,924,"2:2,3:1,7:1,11:1",0,1,0,0
15,13,1,2,1,"(2, 11)",499936607113,False,1005,"3:1,5:1,67:1",0,0,1,1
15,13,1,2,1,"(2, 13)",499936708363,False,1173,"3:1,17:1,23:1",0,-1,1,-1
15,13,1,2,1,"(2, 14)",499936758988,False,1260,"2:2,3:2,5:1,7:1",0,0,0,-1
15,13,1,2,1,"(3, 0)",499936809613,True,1349,"19:1,71:1",-1,1,-1,-1
15,13,1,2,1,"(3, 1)",499936860238,False,1440,"2:5,3:2,5:1",0,0,-1,-1
15,13,1,2,1,"(3, 3)",499936961488,False,1628,"2:2,11:1,37:1",-1,-1,1,0
15,13,1,2,1,"(3, 6)",499937113363,False,1925,"5:2,7:1,11:1",-1,0,0,0
15,13,1,2,1,"(3, 7)",499937163988,False,2028,"2:2,3:1,13:2",0,-1,-1,1
15,13,1,2,1,"(3, 9)",499937265238,False,2240,"2:6,5:1,7:1",-1,0,0,-1
15,13,1,2,1,"(3, 10)",499937315863,True,2349,"3:4,29:1",0,1,1,-1
15,13,1,2,1,"(3, 12)",499937417113,False,2573,"31:1,83:1",-1,-1,1,-1
15,13,1,2,1,"(3, 14)",499937518363,True,2805,"3:1,5:1,11:1,17:1",0,0,-1,0
15,13,1,2,1,"(4, 1)",499937619613,False,3045,"3:1,5:1,7:1,29:1",0,0,0,1
15,13,1,2,1,"(4, 2)",499937670238,False,3168,"2:5,3:2,11:1",0,-1,1,0
15,13,1,2,1,"(4, 4)",499937771488,False,3420,"2:2,3:2,5:1,19:1",0,0,1,-1
15,13,1,2,1,"(4, 5)",499937822113,False,3549,"3:1,7:1,13:2",0,1,0,-1
15,13,1,2,1,"(4, 6)",499937872738,False,3680,"2:5,5:1,23:1",-1,0,-1,-1
15,13,1,2,1,"(4, 8)",499937973988,False,3948,"2:2,3:1,7:1,47:1",0,-1,0,-1
15,13,1,2,1,"(4, 9)",499938024613,True,4085,"5:1,19:1,43:1",-1,0,1,1
15,13,1,2,1,"(4, 14)",499938277738,False,4800,"2:6,3:1,5:2",0,0,-1,1
15,13,1,2,1,"(5, 0)",499938328363,False,4949,"7:2,101:1",-1,1,0,-1
15,13,1,2,1,"(5, 1)",499938378988,False,5100,"2:2,3:1,5:2,17:1",0,0,1,-1
15,13,1,2,1,"(5, 3)",499938480238,False,5408,"2:5,13:2",-1,-1,1,-1
15,13,1,2,1,"(5, 4)",499938530863,False,5565,"3:1,5:1,7:1,53:1",0,0,0,-1
15,13,1,2,1,"(5, 5)",499938581488,False,5724,"2:2,3:3,53:1",0,1,-1,1
15,13,1,2,1,"(5, 6)",499938632113,False,5885,"5:1,11:1,107:1",-1,0,-1,0
15,13,1,2,1,"(5, 8)",499938733363,False,6213,"3:1,19:1,109:1",0,-1,1,1
15,13,1,2,1,"(5, 10)",499938834613,True,6549,"3:1,37:1,59:1",0,1,1,1
15,13,1,2,1,"(5, 12)",499938935863,True,6893,"61:1,113:1",-1,-1,-1,-1
15,13,1,2,1,"(5, 13)",499938986488,False,7068,"2:2,3:1,19:1,31:1",0,-1,-1,-1
15,13,1,2,1,"(5, 14)",499939037113,False,7245,"3:2,5:1,7:1,23:1",0,0,0,-1
15,13,1,2,1,"(6, 0)",499939087738,False,7424,"2:8,29:1",-1,1,1,-1
15,13,1,2,1,"(6, 2)",499939188988,False,7788,"2:2,3:1,11:1,59:1",0,-1,1,0
15,13,1,2,1,"(6, 4)",499939290238,False,8160,"2:5,3:1,5:1,17:1",0,0,-1,1
15,13,1,2,1,"(6, 7)",499939442113,True,8733,"3:1,41:1,71:1",0,-1,1,-1
15,13,1,2,1,"(6, 10)",499939593988,False,9324,"2:2,3:2,7:1,37:1",0,1,0,-1
15,13,1,2,1,"(6, 12)",499939695238,False,9728,"2:9,19:1",-1,-1,-1,1
15,13,1,2,1,"(6, 13)",499939745863,True,9933,"3:1,7:1,11:1,43:1",0,-1,0,0
15,13,1,2,1,"(7, 1)",499939897738,False,10560,"2:6,3:1,5:1,11:1",0,0,1,0
15,13,1,2,1,"(7, 2)",499939948363,True,10773,"3:4,7:1,19:1",0,-1,0,1
15,13,1,2,1,"(7, 3)",499939998988,False,10988,"2:2,41:1,67:1",-1,-1,-1,-1
15,13,1,2,1,"(7, 4)",499940049613,True,11205,"3:3,5:1,83:1",0,0,-1,-1
15,13,1,2,1,"(7, 5)",499940100238,False,11424,"2:5,3:1,7:1,17:1",0,1,0,-1
15,13,1,2,1,"(7, 8)",499940252113,False,12093,"3:1,29:1,139:1",0,-1,1,1
15,13,1,2,1,"(7, 9)",499940302738,False,12320,"2:5,5:1,7:1,11:1",-1,0,0,0
15,13,1,2,1,"(7, 11)",499940403988,False,12780,"2:2,3:2,5:1,71:1",0,0,-1,1
15,13,1,2,1,"(7, 12)",499940454613,True,13013,"7:1,11:1,13:2",-1,-1,0,0
15,13,1,2,1,"(8, 0)",499940606488,False,13724,"2:2,47:1,73:1",-1,1,1,-1
15,13,1,2,1,"(8, 1)",499940657113,False,13965,"3:1,5:1,7:2,19:1",0,0,0,-1
15,13,1,2,1,"(8, 2)",499940707738,False,14208,"2:7,3:1,37:1",0,-1,-1,-1
15,13,1,2,1,"(8, 3)",499940758363,True,14453,"97:1,149:1",-1,-1,-1,-1
15,13,1,2,1,"(8, 4)",499940808988,False,14700,"2:2,3:1,5:2,7:2",0,0,0,1
15,13,1,2,1,"(8, 7)",499940960863,False,15453,"3:2,17:1,101:1",0,-1,1,1
15,13,1,2,1,"(8, 8)",499941011488,False,15708,"2:2,3:1,7:1,11:1,17:1",0,-1,0,0
15,13,1,2,1,"(8, 9)",499941062113,False,15965,"5:1,31:1,103:1",-1,0,-1,1
15,13,1,2,1,"(8, 10)",499941112738,False,16224,"2:5,3:1,13:2",0,1,-1,-1
15,13,1,2,1,"(8, 11)",499941163363,False,16485,"3:1,5:1,7:1,157:1",0,0,0,-1
15,13,1,2,1,"(8, 12)",499941213988,False,16748,"2:2,53:1,79:1",-1,-1,1,-1
15,13,1,2,1,"(9, 1)",499941416488,False,17820,"2:2,3:4,5:1,11:1",0,0,-1,0
15,13,1,2,1,"(9, 4)",499941568363,True,18645,"3:1,5:1,11:1,113:1",0,0,1,0
15,13,1,2,1,"(9, 7)",499941720238,False,19488,"2:5,3:1,7:1,29:1",0,-1,0,-1
15,13,1,2,1,"(9, 8)",499941770863,False,19773,"3:2,13:3",0,-1,-1,-1
15,13,1,2,1,"(9, 9)",499941821488,False,20060,"2:2,5:1,17:1,59:1",-1,0,-1,-1
15,13,1,2,1,"(9, 10)",499941872113,True,20349,"3:2,7:1,17:1,19:1",0,1,0,-1
15,13,1,2,1,"(9, 11)",499941922738,False,20640,"2:5,3:1,5:1,43:1",0,0,1,1
15,13,1,2,1,"(9, 14)",499942074613,False,21525,"3:1,5:2,7:1,41:1",0,0,0,1
15,13,1,2,1,"(10, 0)",499942125238,False,21824,"2:6,11:1,31:1",-1,1,-1,0
15,13,1,2,1,"(10, 5)",499942378363,False,23349,"3:1,43:1,181:1",0,1,1,-1
15,13,1,2,1,"(10, 6)",499942428988,False,23660,"2:2,5:1,7:1,13:2",-1,0,0,-1
15,13,1,2,1,"(10, 7)",499942479613,True,23973,"3:1,61:1,131:1",0,-1,-1,1
15,13,1,2,1,"(10, 8)",499942530238,False,24288,"2:5,3:1,11:1,23:1",0,-1,-1,0
15,13,1,2,1,"(10, 10)",499942631488,False,24924,"2:2,3:1,31:1,67:1",0,1,1,1
15,13,1,2,1,"(10, 12)",499942732738,False,25568,"2:5,17:1,47:1",-1,-1,1,1
15,13,1,2,1,"(10, 13)",499942783363,False,25893,"3:3,7:1,137:1",0,-1,0,-1
15,13,1,2,1,"(11, 0)",499942884613,False,26549,"139:1,191:1",-1,1,-1,-1
15,13,1,2,1,"(11, 1)",499942935238,False,26880,"2:8,3:1,5:1,7:1",0,0,0,-1
15,13,1,2,1,"(11, 2)",499942985863,True,27213,"3:1,47:1,193:1",0,-1,1,-1
15,13,1,2,1,"(11, 6)",499943188363,True,28565,"5:1,29:1,197:1",-1,0,-1,1
15,13,1,2,1,"(11, 8)",499943289613,False,29253,"3:1,7:2,199:1",0,-1,0,1
15,13,1,2,1,"(11, 9)",499943340238,False,29600,"2:5,5:2,37:1",-1,0,1,-1
15,13,1,2,1,"(11, 11)",499943441488,False,30300,"2:2,3:1,5:2,101:1",0,0,1,-1
15,13,1,2,1,"(11, 13)",499943542738,False,31008,"2:5,3:1,17:1,19:1",0,-1,-1,-1
15,13,1,2,1,"(11, 14)",499943593363,True,31365,"3:2,5:1,17:1,41:1",0,0,-1,1
15,13,1,2,1,"(12, 0)",499943643988,False,31724,"2:2,7:1,11:1,103:1",-1,1,0,0
15,13,1,2,1,"(12, 3)",499943795863,False,32813,"11:1,19:1,157:1",-1,-1,1,0
15,13,1,2,1,"(12, 4)",499943846488,False,33180,"2:2,3:1,5:1,7:1,79:1",0,0,0,1
15,13,1,2,1,"(12, 5)",499943897113,False,33549,"3:1,53:1,211:1",0,1,-1,-1
15,13,1,2,1,"(12, 8)",499944048988,False,34668,"2:2,3:4,107:1",0,-1,1,-1
15,13,1,2,1,"(12, 13)",499944302113,False,36573,"3:1,73:1,167:1",0,-1,-1,1
15,13,1,2,1,"(12, 14)",499944352738,False,36960,"2:5,3:1,5:1,7:1,11:1",0,0,0,0
15,13,1,2,1,"(13, 0)",499944403363,False,37349,"13:3,17:1",-1,1,1,1
15,13,1,2,1,"(13, 2)",499944504613,False,38133,"3:2,19:1,223:1",0,-1,1,-1
15,13,1,2,1,"(13, 4)",499944605863,False,38925,"3:2,5:2,173:1",0,0,-1,-1
15,13,1,2,1,"(13, 5)",499944656488,False,39324,"2:2,3:1,29:1,113:1",0,1,-1,-1
15,13,1,2,1,"(13, 6)",499944707113,True,39725,"5:2,7:1,227:1",-1,0,0,1
15,13,1,2,1,"(13, 7)",499944757738,False,40128,"2:6,3:1,11:1,19:1",0,-1,1,0
15,13,1,2,1,"(13, 9)",499944858988,False,40940,"2:2,5:1,23:1,89:1",-1,0,1,1
15,13,1,2,1,"(13, 10)",499944909613,False,41349,"3:1,7:1,11:1,179:1",0,1,0,0
15,13,1,2,1,"(13, 11)",499944960238,False,41760,"2:5,3:2,5:1,29:1",0,0,-1,1
15,13,1,2,1,"(13, 12)",499945010863,False,42173,"181:1,233:1",-1,-1,-1,-1
15,13,1,2,1,"(13, 13)",499945061488,False,42588,"2:2,3:2,7:1,13:2",0,-1,0,-1
15,13,1,2,1,"(13, 14)",499945112113,False,43005,"3:1,5:1,47:1,61:1",0,0,1,-1
15,13,1,2,1,"(14, 1)",499945213363,False,43845,"3:1,5:1,37:1,79:1",0,0,1,-1
15,13,1,2,1,"(14, 2)",499945263988,False,44268,"2:2,3:1,7:1,17:1,31:1",0,-1,0,1
15,13,1,2,1,"(14, 3)",499945314613,True,44693,"11:1,17:1,239:1",-1,-1,-1,0
15,13,1,2,1,"(14, 5)",499945415863,True,45549,"3:3,7:1,241:1",0,1,0,1
15,13,1,2,1,"(14, 8)",499945567738,False,46848,"2:8,3:1,61:1",0,-1,1,-1
15,13,1,2,1,"(14, 9)",499945618363,False,47285,"5:1,7:2,193:1",-1,0,0,-1
15,13,1,2,1,"(14, 11)",499945719613,False,48165,"3:1,5:1,13:2,19:1",0,0,-1,-1
15,13,1,2,1,"(14, 12)",499945770238,False,48608,"2:5,7:2,31:1",-1,-1,0,-1
15,13,1,2,1,"(14, 13)",499945820863,False,49053,"3:1,83:1,197:1",0,-1,1,1
15,13,1,2,2,"(0, 1)",25301112550456513,False,-675,,0,0,1,-1
15,13,1,2,2,"(0, 2)",25301112561847138,False,-672,,0,-1,0,-1
15,13,1,2,2,"(0, 3)",25301112573237763,False,-667,,-1,-1,-1,1
15,13,1,2,2,"(0, 4)",25301112584628388,False,-660,,0,0,-1,0
15,13,1,2,2,"(0, 6)",25301112607409638,False,-640,,-1,0,1,1
15,13,1,2,2,"(0, 10)",25301112652972138,False,-576,,0,1,-1,-1
15,13,1,2,2,"(0, 11)",25301112664362763,True,-555,,0,0,-1,-1
15,13,1,2,2,"(0, 12)",25301112675753388,False,-532,,-1,-1,0,-1
15,13,1,2,2,"(1, 0)",25301112709925263,False,-451,,-1,1,1,0
15,13,1,2,2,"(1, 1)",25301112721315888,False,-420,,0,0,0,1
15,13,1,2,2,"(1, 2)",25301112732706513,False,-387,,0,-1,-1,1
15,13,1,2,2,"(1, 7)",25301112789659638,False,-192,,0,-1,1,-1
15,13,1,2,2,"(1, 8)",25301112801050263,False,-147,,0,-1,0,-1
15,13,1,2,2,"(1, 9)",25301112812440888,False,-100,,-1,0,-1,-1
15,13,1,2,2,"(1, 10)",25301112823831513,False,-51,,0,1,-1,1
15,13,1,2,2,"(1, 11)",25301112835222138,False,0,,0,0,0,0
15,13,1,2,2,"(1, 14)",25301112869394013,True,165,"3:1,5:1,11:1",0,0,1,0
15,13,1,2,2,"(2, 2)",25301112903565888,False,348,"2:2,3:1,29:1",0,-1,-1,-1
15,13,1,2,2,"(2, 3)",25301112914956513,False,413,"7:1,59:1",-1,-1,0,-1
15,13,1,2,2,"(2, 4)",25301112926347138,False,480,"2:5,3:1,5:1",0,0,1,-1
15,13,1,2,2,"(2, 6)",25301112949128388,False,620,"2:2,5:1,31:1",-1,0,1,1
15,13,1,2,2,"(2, 7)",25301112960519013,False,693,"3:2,7:1,11:1",0,-1,0,0
15,13,1,2,2,"(2, 8)",25301112971909638,False,768,"2:8,3:1",0,-1,-1,1
15,13,1,2,2,"(2, 9)",25301112983300263,True,845,"5:1,13:2",-1,0,-1,1
15,13,1,2,2,"(2, 10)",25301112994690888,False,924,"2:2,3:1,7:1,11:1",0,1,0,0
15,13,1,2,2,"(2, 11)",25301113006081513,True,1005,"3:1,5:1,67:1",0,0,1,1
15,13,1,2,2,"(2, 13)",25301113028862763,False,1173,"3:1,17:1,23:1",0,-1,1,-1
15,13,1,2,2,"(3, 0)",25301113051644013,False,1349,"19:1,71:1",-1,1,-1,-1
15,13,1,2,2,"(3, 3)",25301113085815888,False,1628,"2:2,11:1,37:1",-1,-1,1,0
15,13,1,2,2,"(3, 6)",25301113119987763,False,1925,"5:2,7:1,11:1",-1,0,0,0
15,13,1,2,2,"(3, 7)",25301113131378388,False,2028,"2:2,3:1,13:2",0,-1,-1,1
15,13,1,2,2,"(3, 9)",25301113154159638,False,2240,"2:6,5:1,7:1",-1,0,0,-1
15,13,1,2,2,"(3, 10)",25301113165550263,False,2349,"3:4,29:1",0,1,1,-1
15,13,1,2,2,"(3, 13)",25301113199722138,False,2688,"2:7,3:1,7:1",0,-1,0,1
15,13,1,2,2,"(3, 14)",25301113211112763,False,2805,"3:1,5:1,11:1,17:1",0,0,-1,0
15,13,1,2,2,"(4, 0)",25301113222503388,False,2924,"2:2,17:1,43:1",-1,1,-1,1
15,13,1,2,2,"(4, 1)",25301113233894013,False,3045,"3:1,5:1,7:1,29:1",0,0,0,1
15,13,1,2,2,"(4, 2)",25301113245284638,False,3168,"2:5,3:2,11:1",0,-1,1,0
15,13,1,2,2,"(4, 6)",25301113290847138,False,3680,"2:5,5:1,23:1",-1,0,-1,-1
15,13,1,2,2,"(4, 7)",25301113302237763,False,3813,"3:1,31:1,41:1",0,-1,-1,-1
15,13,1,2,2,"(4, 8)",25301113313628388,False,3948,"2:2,3:1,7:1,47:1",0,-1,0,-1
15,13,1,2,2,"(4, 9)",25301113325019013,False,4085,"5:1,19:1,43:1",-1,0,1,1
15,13,1,2,2,"(4, 11)",25301113347800263,False,4365,"3:2,5:1,97:1",0,0,1,1
15,13,1,2,2,"(4, 12)",25301113359190888,False,4508,"2:2,7:2,23:1",-1,-1,0,1
15,13,1,2,2,"(4, 13)",25301113370581513,False,4653,"3:2,11:1,47:1",0,-1,-1,0
15,13,1,2,2,"(4, 14)",25301113381972138,False,4800,"2:6,3:1,5:2",0,0,-1,1
15,13,1,2,2,"(5, 1)",25301113404753388,False,5100,"2:2,3:1,5:2,17:1",0,0,1,-1
15,13,1,2,2,"(5, 3)",25301113427534638,False,5408,"2:5,13:2",-1,-1,1,-1
15,13,1,2,2,"(5, 5)",25301113450315888,False,5724,"2:2,3:3,53:1",0,1,-1,1
15,13,1,2,2,"(5, 7)",25301113473097138,False,6048,"2:5,3:3,7:1",0,-1,0,1
15,13,1,2,2,"(5, 10)",25301113507269013,False,6549,"3:1,37:1,59:1",0,1,1,1
15,13,1,2,2,"(5, 12)",25301113530050263,True,6893,"61:1,113:1",-1,-1,-1,-1
15,13,1,2,2,"(5, 14)",25301113552831513,False,7245,"3:2,5:1,7:1,23:1",0,0,0,-1
15,13,1,2,2,"(6, 0)",25301113564222138,False,7424,"2:8,29:1",-1,1,1,-1
15,13,1,2,2,"(6, 2)",25301113587003388,False,7788,"2:2,3:1,11:1,59:1",0,-1,1,0
15,13,1,2,2,"(6, 3)",25301113598394013,False,7973,"7:1,17:1,67:1",-1,-1,0,1
15,13,1,2,2,"(6, 4)",25301113609784638,False,8160,"2:5,3:1,5:1,17:1",0,0,-1,1
15,13,1,2,2,"(6, 5)",25301113621175263,False,8349,"3:1,11:2,23:1",0,1,-1,0
15,13,1,2,2,"(6, 9)",25301113666737763,False,9125,"5:3,73:1",-1,0,1,-1
15,13,1,2,2,"(6, 10)",25301113678128388,False,9324,"2:2,3:2,7:1,37:1",0,1,0,-1
15,13,1,2,2,"(6, 11)",25301113689519013,False,9525,"3:1,5:2,127:1",0,0,-1,-1
15,13,1,2,2,"(6, 12)",25301113700909638,False,9728,"2:9,19:1",-1,-1,-1,1
15,13,1,2,2,"(6, 14)",25301113723690888,False,10140,"2:2,3:1,5:1,13:2",0,0,1,1
15,13,1,2,2,"(7, 1)",25301113746472138,False,10560,"2:6,3:1,5:1,11:1",0,0,1,0
15,13,1,2,2,"(7, 2)",25301113757862763,False,10773,"3:4,7:1,19:1",0,-1,0,1
15,13,1,2,2,"(7, 5)",25301113792034638,False,11424,"2:5,3:1,7:1,17:1",0,1,0,-1
15,13,1,2,2,"(7, 8)",25301113826206513,False,12093,"3:1,29:1,139:1",0,-1,1,1
15,13,1,2,2,"(7, 9)",25301113837597138,False,12320,"2:5,5:1,7:1,11:1",-1,0,0,0
15,13,1,2,2,"(7, 11)",25301113860378388,False,12780,"2:2,3:2,5:1,71:1",0,0,-1,1
15,13,1,2,2,"(7, 12)",25301113871769013,False,13013,"7:1,11:1,13:2",-1,-1,0,0
15,13,1,2,2,"(7, 13)",25301113883159638,False,13248,"2:6,3:2,23:1",0,-1,1,1
15,13,1,2,2,"(8, 0)",25301113905940888,False,13724,"2:2,47:1,73:1",-1,1,1,-1
15,13,1,2,2,"(8, 1)",25301113917331513,False,13965,"3:1,5:1,7:2,19:1",0,0,0,-1
15,13,1,2,2,"(8, 3)",25301113940112763,True,14453,"97:1,149:1",-1,-1,-1,-1
15,13,1,2,2,"(8, 4)",25301113951503388,False,14700,"2:2,3:1,5:2,7:2",0,0,0,1
15,13,1,2,2,"(8, 5)",25301113962894013,False,14949,"3:2,11:1,151:1",0,1,1,0
15,13,1,2,2,"(8, 7)",25301113985675263,False,15453,"3:2,17:1,101:1",0,-1,1,1
15,13,1,2,2,"(8, 8)",25301113997065888,False,15708,"2:2,3:1,7:1,11:1,17:1",0,-1,0,0
15,13,1,2,2,"(8, 9)",25301114008456513,False,15965,"5:1,31:1,103:1",-1,0,-1,1
15,13,1,2,2,"(8, 11)",25301114031237763,False,16485,"3:1,5:1,7:1,157:1",0,0,0,-1
15,13,1,2,2,"(9, 1)",25301114088190888,False,17820,"2:2,3:4,5:1,11:1",0,0,-1,0
15,13,1,2,2,"(9, 3)",25301114110972138,False,18368,"2:6,7:1,41:1",-1,-1,0,1
15,13,1,2,2,"(9, 4)",25301114122362763,False,18645,"3:1,5:1,11:1,113:1",0,0,1,0
15,13,1,2,2,"(9, 7)",25301114156534638,False,19488,"2:5,3:1,7:1,29:1",0,-1,0,-1
15,13,1,2,2,"(9, 8)",25301114167925263,False,19773,"3:2,13:3",0,-1,-1,-1
15,13,1,2,2,"(9, 9)",25301114179315888,False,20060,"2:2,5:1,17:1,59:1",-1,0,-1,-1
15,13,1,2,2,"(9, 10)",25301114190706513,False,20349,"3:2,7:1,17:1,19:1",0,1,0,-1
15,13,1,2,2,"(9, 11)",25301114202097138,False,20640,"2:5,3:1,5:1,43:1",0,0,1,1
15,13,1,2,2,"(10, 0)",25301114247659638,False,21824,"2:6,11:1,31:1",-1,1,-1,0
15,13,1,2,2,"(10, 1)",25301114259050263,False,22125,"3:1,5:3,59:1",0,0,-1,1
15,13,1,2,2,"(10, 3)",25301114281831513,False,22733,"127:1,179:1",-1,-1,1,-1
15,13,1,2,2,"(10, 5)",25301114304612763,False,23349,"3:1,43:1,181:1",0,1,1,-1
15,13,1,2,2,"(10, 6)",25301114316003388,False,23660,"2:2,5:1,7:1,13:2",-1,0,0,-1
15,13,1,2,2,"(10, 8)",25301114338784638,False,24288,"2:5,3:1,11:1,23:1",0,-1,-1,0
15,13,1,2,2,"(10, 9)",25301114350175263,False,24605,"5:1,7:1,19:1,37:1",-1,0,0,1
15,13,1,2,2,"(10, 12)",25301114384347138,False,25568,"2:5,17:1,47:1",-1,-1,1,1
15,13,1,2,2,"(10, 14)",25301114407128388,False,26220,"2:2,3:1,5:1,19:1,23:1",0,0,-1,-1
15,13,1,2,2,"(11, 0)",25301114418519013,True,26549,"139:1,191:1",-1,1,-1,-1
15,13,1,2,2,"(11, 2)",25301114441300263,False,27213,"3:1,47:1,193:1",0,-1,1,-1
15,13,1,2,2,"(11, 4)",25301114464081513,False,27885,"3:1,5:1,11:1,13:2",0,0,1,0
15,13,1,2,2,"(11, 5)",25301114475472138,False,28224,"2:6,3:2,7:2",0,1,0,1
15,13,1,2,2,"(11, 6)",25301114486862763,False,28565,"5:1,29:1,197:1",-1,0,-1,1
15,13,1,2,2,"(11, 7)",25301114498253388,False,28908,"2:2,3:2,11:1,73:1",0,-1,-1,0
15,13,1,2,2,"(11, 8)",25301114509644013,False,29253,"3:1,7:2,199:1",0,-1,0,1
15,13,1,2,2,"(11, 11)",25301114543815888,False,30300,"2:2,3:1,5:2,101:1",0,0,1,-1
15,13,1,2,2,"(11, 12)",25301114555206513,False,30653,"7:1,29:1,151:1",-1,-1,0,-1
15,13,1,2,2,"(11, 13)",25301114566597138,False,31008,"2:5,3:1,17:1,19:1",0,-1,-1,-1
15,13,1,2,2,"(12, 1)",25301114600769013,False,32085,"3:2,5:1,23:1,31:1",0,0,1,1
15,13,1,2,2,"(12, 4)",25301114634940888,False,33180,"2:2,3:1,5:1,7:1,79:1",0,0,0,1
15,13,1,2,2,"(12, 6)",25301114657722138,False,33920,"2:7,5:1,53:1",-1,0,-1,-1
15,13,1,2,2,"(12, 8)",25301114680503388,False,34668,"2:2,3:4,107:1",0,-1,1,-1
15,13,1,2,2,"(12, 10)",25301114703284638,False,35424,"2:5,3:3,41:1",0,1,1,1
15,13,1,2,2,"(12, 11)",25301114714675263,False,35805,"3:1,5:1,7:1,11:1,31:1",0,0,0,0
15,13,1,2,2,"(12, 12)",25301114726065888,False,36188,"2:2,83:1,109:1",-1,-1,-1,1
15,13,1,2,2,"(12, 13)",25301114737456513,False,36573,"3:1,73:1,167:1",0,-1,-1,1
15,13,1,2,2,"(12, 14)",25301114748847138,False,36960,"2:5,3:1,5:1,7:1,11:1",0,0,0,0
15,13,1,2,2,"(13, 2)",25301114783019013,False,38133,"3:2,19:1,223:1",0,-1,1,-1
15,13,1,2,2,"(13, 4)",25301114805800263,False,38925,"3:2,5:2,173:1",0,0,-1,-1
15,13,1,2,2,"(13, 6)",25301114828581513,False,39725,"5:2,7:1,227:1",-1,0,0,1
15,13,1,2,2,"(13, 7)",25301114839972138,False,40128,"2:6,3:1,11:1,19:1",0,-1,1,0
15,13,1,2,2,"(13, 9)",25301114862753388,False,40940,"2:2,5:1,23:1,89:1",-1,0,1,1
15,13,1,2,2,"(13, 10)",25301114874144013,False,41349,"3:1,7:1,11:1,179:1",0,1,0,0
15,13,1,2,2,"(13, 11)",25301114885534638,False,41760,"2:5,3:2,5:1,29:1",0,0,-1,1
15,13,1,2,2,"(13, 13)",25301114908315888,False,42588,"2:2,3:2,7:1,13:2",0,-1,0,-1
15,13,1,2,2,"(13, 14)",25301114919706513,False,43005,"3:1,5:1,47:1,61:1",0,0,1,-1
15,13,1,2,2,"(14, 1)",25301114942487763,False,43845,"3:1,5:1,37:1,79:1",0,0,1,-1
15,13,1,2,2,"(14, 2)",25301114953878388,False,44268,"2:2,3:1,7:1,17:1,31:1",0,-1,0,1
15,13,1,2,2,"(14, 4)",25301114976659638,False,45120,"2:6,3:1,5:1,47:1",0,0,-1,1
15,13,1,2,2,"(14, 5)",25301114988050263,False,45549,"3:3,7:1,241:1",0,1,0,1
15,13,1,2,2,"(14, 6)",25301114999440888,False,45980,"2:2,5:1,11:2,19:1",-1,0,1,0
15,13,1,2,2,"(14, 9)",25301115033612763,False,47285,"5:1,7:2,193:1",-1,0,0,-1
15,13,1,2,2,"(14, 10)",25301115045003388,False,47724,"2:2,3:1,41:1,97:1",0,1,-1,-1
15,13,1,2,2,"(14, 11)",25301115056394013,False,48165,"3:1,5:1,13:2,19:1",0,0,-1,-1
15,13,1,2,2,"(14, 12)",25301115067784638,False,48608,"2:5,7:2,31:1",-1,-1,0,-1
15,13,1,2,2,"(14, 13)",25301115079175263,False,49053,"3:1,83:1,197:1",0,-1,1,1
15,13,1,2,3,"(0, 2)",1280841575564207863138,False,-672,,0,-1,0,-1
15,13,1,2,3,"(0, 3)",1280841575566770753763,False,-667,,-1,-1,-1,1
15,13,1,2,3,"(0, 4)",1280841575569333644388,False,-660,,0,0,-1,0
15,13,1,2,3,"(0, 5)",1280841575571896535013,False,-651,,0,1,0,1
15,13,1,2,3,"(0, 6)",1280841575574459425638,False,-640,,-1,0,1,1
15,13,1,2,3,"(0, 8)",1280841575579585206888,False,-612,,0,-1,1,1
15,13,1,2,3,"(0, 9)",1280841575582148097513,False,-595,,-1,0,0,-1
15,13,1,2,3,"(0, 10)",1280841575584710988138,False,-576,,0,1,-1,-1
15,13,1,2,3,"(0, 13)",1280841575592399660013,False,-507,,0,-1,1,-1
15,13,1,2,3,"(1, 0)",1280841575597525441263,True,-451,,-1,1,1,0
15,13,1,2,3,"(1, 1)",1280841575600088331888,False,-420,,0,0,0,1
15,13,1,2,3,"(1, 2)",1280841575602651222513,False,-387,,0,-1,-1,1
15,13,1,2,3,"(1, 4)",1280841575607777003763,True,-315,,0,0,0,1
15,13,1,2,3,"(1, 7)",1280841575615465675638,False,-192,,0,-1,1,-1
15,13,1,2,3,"(1, 10)",1280841575623154347513,False,-51,,0,1,-1,1
15,13,1,2,3,"(1, 11)",1280841575625717238138,False,0,,0,0,0,0
15,13,1,2,3,"(1, 12)",1280841575628280128763,False,53,53:1,-1,-1,1,1
15,13,1,2,3,"(2, 0)",1280841575635968800638,False,224,"2:5,7:1",-1,1,0,1
15,13,1,2,3,"(2, 1)",1280841575638531691263,False,285,"3:1,5:1,19:1",0,0,-1,-1
15,13,1,2,3,"(2, 2)",1280841575641094581888,False,348,"2:2,3:1,29:1",0,-1,-1,-1
15,13,1,2,3,"(2, 3)",1280841575643657472513,False,413,"7:1,59:1",-1,-1,0,-1
15,13,1,2,3,"(2, 6)",1280841575651346144388,False,620,"2:2,5:1,31:1",-1,0,1,1
15,13,1,2,3,"(2, 8)",1280841575656471925638,False,768,"2:8,3:1",0,-1,-1,1
15,13,1,2,3,"(2, 9)",1280841575659034816263,False,845,"5:1,13:2",-1,0,-1,1
15,13,1,2,3,"(2, 10)",1280841575661597706888,False,924,"2:2,3:1,7:1,11:1",0,1,0,0
15,13,1,2,3,"(2, 11)",1280841575664160597513,False,1005,"3:1,5:1,67:1",0,0,1,1
15,13,1,2,3,"(2, 14)",1280841575671849269388,False,1260,"2:2,3:2,5:1,7:1",0,0,0,-1
15,13,1,2,3,"(3, 2)",1280841575679537941263,True,1533,"3:1,7:1,73:1",0,-1,0,1
15,13,1,2,3,"(3, 3)",1280841575682100831888,False,1628,"2:2,11:1,37:1",-1,-1,1,0
15,13,1,2,3,"(3, 6)",1280841575689789503763,False,1925,"5:2,7:1,11:1",-1,0,0,0
15,13,1,2,3,"(3, 7)",1280841575692352394388,False,2028,"2:2,3:1,13:2",0,-1,-1,1
15,13,1,2,3,"(3, 8)",1280841575694915285013,False,2133,"3:3,79:1",0,-1,-1,-1
15,13,1,2,3,"(3, 9)",1280841575697478175638,False,2240,"2:6,5:1,7:1",-1,0,0,-1
15,13,1,2,3,"(3, 10)",1280841575700041066263,False,2349,"3:4,29:1",0,1,1,-1
15,13,1,2,3,"(3, 12)",1280841575705166847513,True,2573,"31:1,83:1",-1,-1,1,-1
15,13,1,2,3,"(3, 13)",1280841575707729738138,False,2688,"2:7,3:1,7:1",0,-1,0,1
15,13,1,2,3,"(3, 14)",1280841575710292628763,False,2805,"3:1,5:1,11:1,17:1",0,0,-1,0
15,13,1,2,3,"(4, 0)",1280841575712855519388,False,2924,"2:2,17:1,43:1",-1,1,-1,1
15,13,1,2,3,"(4, 1)",1280841575715418410013,False,3045,"3:1,5:1,7:1,29:1",0,0,0,1
15,13,1,2,3,"(4, 2)",1280841575717981300638,False,3168,"2:5,3:2,11:1",0,-1,1,0
15,13,1,2,3,"(4, 4)",1280841575723107081888,False,3420,"2:2,3:2,5:1,19:1",0,0,1,-1
15,13,1,2,3,"(4, 5)",1280841575725669972513,False,3549,"3:1,7:1,13:2",0,1,0,-1
15,13,1,2,3,"(4, 8)",1280841575733358644388,False,3948,"2:2,3:1,7:1,47:1",0,-1,0,-1
15,13,1,2,3,"(4, 9)",1280841575735921535013,False,4085,"5:1,19:1,43:1",-1,0,1,1
15,13,1,2,3,"(4, 11)",1280841575741047316263,False,4365,"3:2,5:1,97:1",0,0,1,1
15,13,1,2,3,"(4, 12)",1280841575743610206888,False,4508,"2:2,7:2,23:1",-1,-1,0,1
15,13,1,2,3,"(4, 13)",1280841575746173097513,False,4653,"3:2,11:1,47:1",0,-1,-1,0
15,13,1,2,3,"(4, 14)",1280841575748735988138,False,4800,"2:6,3:1,5:2",0,0,-1,1
15,13,1,2,3,"(5, 4)",1280841575761550441263,False,5565,"3:1,5:1,7:1,53:1",0,0,0,-1
15,13,1,2,3,"(5, 6)",1280841575766676222513,False,5885,"5:1,11:1,107:1",-1,0,-1,0
15,13,1,2,3,"(5, 7)",1280841575769239113138,False,6048,"2:5,3:3,7:1",0,-1,0,1
15,13,1,2,3,"(5, 8)",1280841575771802003763,False,6213,"3:1,19:1,109:1",0,-1,1,1
15,13,1,2,3,"(5, 10)",1280841575776927785013,False,6549,"3:1,37:1,59:1",0,1,1,1
15,13,1,2,3,"(5, 11)",1280841575779490675638,False,6720,"2:6,3:1,5:1,7:1",0,0,0,-1
15,13,1,2,3,"(5, 12)",1280841575782053566263,False,6893,"61:1,113:1",-1,-1,-1,-1
15,13,1,2,3,"(5, 13)",1280841575784616456888,False,7068,"2:2,3:1,19:1,31:1",0,-1,-1,-1
15,13,1,2,3,"(6, 0)",1280841575789742238138,False,7424,"2:8,29:1",-1,1,1,-1
15,13,1,2,3,"(6, 2)",1280841575794868019388,False,7788,"2:2,3:1,11:1,59:1",0,-1,1,0
15,13,1,2,3,"(6, 3)",1280841575797430910013,False,7973,"7:1,17:1,67:1",-1,-1,0,1
15,13,1,2,3,"(6, 5)",1280841575802556691263,False,8349,"3:1,11:2,23:1",0,1,-1,0
15,13,1,2,3,"(6, 6)",1280841575805119581888,False,8540,"2:2,5:1,7:1,61:1",-1,0,0,1
15,13,1,2,3,"(6, 9)",1280841575812808253763,False,9125,"5:3,73:1",-1,0,1,-1
15,13,1,2,3,"(6, 11)",1280841575817934035013,False,9525,"3:1,5:2,127:1",0,0,-1,-1
15,13,1,2,3,"(6, 13)",1280841575823059816263,False,9933,"3:1,7:1,11:1,43:1",0,-1,0,0
15,13,1,2,3,"(6, 14)",1280841575825622706888,False,10140,"2:2,3:1,5:1,13:2",0,0,1,1
15,13,1,2,3,"(7, 1)",1280841575830748488138,False,10560,"2:6,3:1,5:1,11:1",0,0,1,0
15,13,1,2,3,"(7, 3)",1280841575835874269388,False,10988,"2:2,41:1,67:1",-1,-1,-1,-1
15,13,1,2,3,"(7, 4)",1280841575838437160013,False,11205,"3:3,5:1,83:1",0,0,-1,-1
15,13,1,2,3,"(7, 5)",1280841575841000050638,False,11424,"2:5,3:1,7:1,17:1",0,1,0,-1
15,13,1,2,3,"(7, 11)",1280841575856377394388,False,12780,"2:2,3:2,5:1,71:1",0,0,-1,1
15,13,1,2,3,"(7, 12)",1280841575858940285013,False,13013,"7:1,11:1,13:2",-1,-1,0,0
15,13,1,2,3,"(7, 13)",1280841575861503175638,False,13248,"2:6,3:2,23:1",0,-1,1,1
15,13,1,2,3,"(8, 0)",1280841575866628956888,False,13724,"2:2,47:1,73:1",-1,1,1,-1
15,13,1,2,3,"(8, 1)",1280841575869191847513,False,13965,"3:1,5:1,7:2,19:1",0,0,0,-1
15,13,1,2,3,"(8, 3)",1280841575874317628763,False,14453,"97:1,149:1",-1,-1,-1,-1
15,13,1,2,3,"(8, 4)",1280841575876880519388,False,14700,"2:2,3:1,5:2,7:2",0,0,0,1
15,13,1,2,3,"(8, 5)",1280841575879443410013,False,14949,"3:2,11:1,151:1",0,1,1,0
15,13,1,2,3,"(8, 7)",1280841575884569191263,False,15453,"3:2,17:1,101:1",0,-1,1,1
15,13,1,2,3,"(8, 9)",1280841575889694972513,True,15965,"5:1,31:1,103:1",-1,0,-1,1
15,13,1,2,3,"(8, 10)",1280841575892257863138,False,16224,"2:5,3:1,13:2",0,1,-1,-1
15,13,1,2,3,"(8, 14)",1280841575902509425638,False,17280,"2:7,3:3,5:1",0,0,1,-1
15,13,1,2,3,"(9, 2)",1280841575910198097513,False,18093,"3:1,37:1,163:1",0,-1,-1,1
15,13,1,2,3,"(9, 3)",1280841575912760988138,False,18368,"2:6,7:1,41:1",-1,-1,0,1
15,13,1,2,3,"(9, 4)",1280841575915323878763,False,18645,"3:1,5:1,11:1,113:1",0,0,1,0
15,13,1,2,3,"(9, 7)",1280841575923012550638,False,19488,"2:5,3:1,7:1,29:1",0,-1,0,-1
15,13,1,2,3,"(9, 8)",1280841575925575441263,False,19773,"3:2,13:3",0,-1,-1,-1
15,13,1,2,3,"(9, 10)",1280841575930701222513,False,20349,"3:2,7:1,17:1,19:1",0,1,0,-1
15,13,1,2,3,"(9, 11)",1280841575933264113138,False,20640,"2:5,3:1,5:1,43:1",0,0,1,1
15,13,1,2,3,"(9, 14)",1280841575940952785013,False,21525,"3:1,5:2,7:1,41:1",0,0,0,1
15,13,1,2,3,"(10, 0)",1280841575943515675638,False,21824,"2:6,11:1,31:1",-1,1,-1,0
15,13,1,2,3,"(10, 2)",1280841575948641456888,False,22428,"2:2,3:2,7:1,89:1",0,-1,0,-1
15,13,1,2,3,"(10, 3)",1280841575951204347513,False,22733,"127:1,179:1",-1,-1,1,-1
15,13,1,2,3,"(10, 6)",1280841575958893019388,False,23660,"2:2,5:1,7:1,13:2",-1,0,0,-1
15,13,1,2,3,"(10, 7)",1280841575961455910013,False,23973,"3:1,61:1,131:1",0,-1,-1,1
15,13,1,2,3,"(10, 9)",1280841575966581691263,False,24605,"5:1,7:1,19:1,37:1",-1,0,0,1
15,13,1,2,3,"(10, 10)",1280841575969144581888,False,24924,"2:2,3:1,31:1,67:1",0,1,1,1
15,13,1,2,3,"(10, 12)",1280841575974270363138,False,25568,"2:5,17:1,47:1",-1,-1,1,1
15,13,1,2,3,"(10, 13)",1280841575976833253763,False,25893,"3:3,7:1,137:1",0,-1,0,-1
15,13,1,2,3,"(10, 14)",1280841575979396144388,False,26220,"2:2,3:1,5:1,19:1,23:1",0,0,-1,-1
15,13,1,2,3,"(11, 4)",1280841575992210597513,False,27885,"3:1,5:1,11:1,13:2",0,0,1,0
15,13,1,2,3,"(11, 6)",1280841575997336378763,False,28565,"5:1,29:1,197:1",-1,0,-1,1
15,13,1,2,3,"(11, 7)",1280841575999899269388,False,28908,"2:2,3:2,11:1,73:1",0,-1,-1,0
15,13,1,2,3,"(11, 8)",1280841576002462160013,False,29253,"3:1,7:2,199:1",0,-1,0,1
15,13,1,2,3,"(11, 9)",1280841576005025050638,False,29600,"2:5,5:2,37:1",-1,0,1,-1
15,13,1,2,3,"(11, 11)",1280841576010150831888,False,30300,"2:2,3:1,5:2,101:1",0,0,1,-1
15,13,1,2,3,"(11, 13)",1280841576015276613138,False,31008,"2:5,3:1,17:1,19:1",0,-1,-1,-1
15,13,1,2,3,"(11, 14)",1280841576017839503763,False,31365,"3:2,5:1,17:1,41:1",0,0,-1,1
15,13,1,2,3,"(12, 3)",1280841576028091066263,False,32813,"11:1,19:1,157:1",-1,-1,1,0
15,13,1,2,3,"(12, 4)",1280841576030653956888,False,33180,"2:2,3:1,5:1,7:1,79:1",0,0,0,1
15,13,1,2,3,"(12, 5)",1280841576033216847513,False,33549,"3:1,53:1,211:1",0,1,-1,-1
15,13,1,2,3,"(12, 6)",1280841576035779738138,False,33920,"2:7,5:1,53:1",-1,0,-1,-1
15,13,1,2,3,"(12, 7)",1280841576038342628763,False,34293,"3:1,7:1,23:1,71:1",0,-1,0,-1
15,13,1,2,3,"(12, 10)",1280841576046031300638,False,35424,"2:5,3:3,41:1",0,1,1,1
15,13,1,2,3,"(12, 11)",1280841576048594191263,True,35805,"3:1,5:1,7:1,11:1,31:1",0,0,0,0
15,13,1,2,3,"(12, 12)",1280841576051157081888,False,36188,"2:2,83:1,109:1",-1,-1,-1,1
15,13,1,2,3,"(13, 0)",1280841576058845753763,False,37349,"13:3,17:1",-1,1,1,1
15,13,1,2,3,"(13, 2)",1280841576063971535013,False,38133,"3:2,19:1,223:1",0,-1,1,-1
15,13,1,2,3,"(13, 3)",1280841576066534425638,False,38528,"2:7,7:1,43:1",-1,-1,0,-1
15,13,1,2,3,"(13, 5)",1280841576071660206888,False,39324,"2:2,3:1,29:1,113:1",0,1,-1,-1
15,13,1,2,3,"(13, 6)",1280841576074223097513,False,39725,"5:2,7:1,227:1",-1,0,0,1
15,13,1,2,3,"(13, 7)",1280841576076785988138,False,40128,"2:6,3:1,11:1,19:1",0,-1,1,0
15,13,1,2,3,"(13, 10)",1280841576084474660013,False,41349,"3:1,7:1,11:1,179:1",0,1,0,0
15,13,1,2,3,"(13, 12)",1280841576089600441263,False,42173,"181:1,233:1",-1,-1,-1,-1
15,13,1,2,3,"(13, 14)",1280841576094726222513,False,43005,"3:1,5:1,47:1,61:1",0,0,1,-1
15,13,1,2,3,"(14, 1)",1280841576099852003763,True,43845,"3:1,5:1,37:1,79:1",0,0,1,-1
15,13,1,2,3,"(14, 2)",1280841576102414894388,False,44268,"2:2,3:1,7:1,17:1,31:1",0,-1,0,1
15,13,1,2,3,"(14, 3)",1280841576104977785013,True,44693,"11:1,17:1,239:1",-1,-1,-1,0
15,13,1,2,3,"(14, 4)",1280841576107540675638,False,45120,"2:6,3:1,5:1,47:1",0,0,-1,1
15,13,1,2,3,"(14, 5)",1280841576110103566263,False,45549,"3:3,7:1,241:1",0,1,0,1
15,13,1,2,3,"(14, 8)",1280841576117792238138,False,46848,"2:8,3:1,61:1",0,-1,1,-1
15,13,1,2,3,"(14, 10)",1280841576122918019388,False,47724,"2:2,3:1,41:1,97:1",0,1,-1,-1
15,13,1,2,3,"(14, 12)",1280841576128043800638,False,48608,"2:5,7:2,31:1",-1,-1,0,-1
